Country1,Continent1,Country2,Continent2,Year,Value
United States,North America,United States,North America,1992,0
United States,North America,Canada,North America,1992,71752065
United States,North America,Mexico,North America,1992,4405160
United States,North America,Brazil,South America,1992,1363853
United States,North America,Argentina,South America,1992,7194648
United States,North America,United Kingdom,Europe,1992,6307393
United States,North America,Netherlands,Europe,1992,1981779
United States,North America,Belgium,Europe,1992,16579117
United States,North America,France,Europe,1992,13086743
United States,North America,Switzerland,Europe,1992,7462353
United States,North America,Spain,Europe,1992,49478357
United States,North America,Portugal,Europe,1992,936113
United States,North America,Germany,Europe,1992,23896849
United States,North America,Poland,Europe,1992,0
United States,North America,Austria,Europe,1992,2128358
United States,North America,Hungary,Europe,1992,30425
United States,North America,Czech Republic,Europe,1992,634118
United States,North America,Slovakia,Europe,1992,0
United States,North America,Italy,Europe,1992,10954315
United States,North America,Croatia,Europe,1992,0
United States,North America,Serbia,Europe,1992,19238
United States,North America,Bosnia,Europe,1992,0
United States,North America,Greece,Europe,1992,2886394
United States,North America,Bulgaria,Europe,1992,0
United States,North America,Romania,Europe,1992,0
United States,North America,Russia,Asia,1992,21636
United States,North America,Ukraine,Europe,1992,0
United States,North America,Finland,Europe,1992,1324356
United States,North America,Sweden,Europe,1992,2580750
United States,North America,Norway,Europe,1992,2312826
United States,North America,Denmark,Europe,1992,2737492
United States,North America,South Africa,Africa,1992,725365
United States,North America,Turkey,Asia,1992,8105202
United States,North America,Iraq,Asia,1992,0
United States,North America,Lebanon,Asia,1992,1301333
United States,North America,Israel,Asia,1992,4052084
United States,North America,Taiwan,Asia,1992,46136131
United States,North America,South Korea,Asia,1992,5149776
United States,North America,Japan,Asia,1992,4797017
United States,North America,India,Asia,1992,27439
United States,North America,Pakistan,Asia,1992,990320
United States,North America,Thailand,Asia,1992,13462444
United States,North America,Singapore,Asia,1992,881407
United States,North America,Philippines,Asia,1992,934575
United States,North America,Indonesia,Asia,1992,161977
United States,North America,Australia,Oceania,1992,22706080
United States,North America,Cyprus,Europe,1992,11517
United States,North America,China,Asia,1992,7994
United States,North America,Ivory Coast,Africa,1992,0
United States,North America,Iran,Asia,1992,0
Canada,North America,United States,North America,1992,6234999
Canada,North America,Canada,North America,1992,0
Canada,North America,Mexico,North America,1992,0
Canada,North America,Brazil,South America,1992,0
Canada,North America,Argentina,South America,1992,115477
Canada,North America,United Kingdom,Europe,1992,218786
Canada,North America,Netherlands,Europe,1992,52105
Canada,North America,Belgium,Europe,1992,99185
Canada,North America,France,Europe,1992,358058
Canada,North America,Switzerland,Europe,1992,117599
Canada,North America,Spain,Europe,1992,43408
Canada,North America,Portugal,Europe,1992,0
Canada,North America,Germany,Europe,1992,681542
Canada,North America,Poland,Europe,1992,9619
Canada,North America,Austria,Europe,1992,353126
Canada,North America,Hungary,Europe,1992,4680
Canada,North America,Czech Republic,Europe,1992,0
Canada,North America,Slovakia,Europe,1992,0
Canada,North America,Italy,Europe,1992,388510
Canada,North America,Croatia,Europe,1992,0
Canada,North America,Serbia,Europe,1992,0
Canada,North America,Bosnia,Europe,1992,0
Canada,North America,Greece,Europe,1992,7945
Canada,North America,Bulgaria,Europe,1992,326283
Canada,North America,Romania,Europe,1992,0
Canada,North America,Russia,Asia,1992,0
Canada,North America,Ukraine,Europe,1992,0
Canada,North America,Finland,Europe,1992,58657
Canada,North America,Sweden,Europe,1992,22164
Canada,North America,Norway,Europe,1992,51384
Canada,North America,Denmark,Europe,1992,4955746
Canada,North America,South Africa,Africa,1992,8934
Canada,North America,Turkey,Asia,1992,3186
Canada,North America,Iraq,Asia,1992,0
Canada,North America,Lebanon,Asia,1992,0
Canada,North America,Israel,Asia,1992,0
Canada,North America,Taiwan,Asia,1992,0
Canada,North America,South Korea,Asia,1992,166109
Canada,North America,Japan,Asia,1992,11678
Canada,North America,India,Asia,1992,0
Canada,North America,Pakistan,Asia,1992,0
Canada,North America,Thailand,Asia,1992,5204
Canada,North America,Singapore,Asia,1992,8240
Canada,North America,Philippines,Asia,1992,0
Canada,North America,Indonesia,Asia,1992,0
Canada,North America,Australia,Oceania,1992,842924
Canada,North America,Cyprus,Europe,1992,8282
Canada,North America,China,Asia,1992,0
Canada,North America,Ivory Coast,Africa,1992,0
Canada,North America,Iran,Asia,1992,0
Mexico,North America,United States,North America,1992,1842501
Mexico,North America,Canada,North America,1992,144005
Mexico,North America,Mexico,North America,1992,0
Mexico,North America,Brazil,South America,1992,0
Mexico,North America,Argentina,South America,1992,57716
Mexico,North America,United Kingdom,Europe,1992,0
Mexico,North America,Netherlands,Europe,1992,0
Mexico,North America,Belgium,Europe,1992,0
Mexico,North America,France,Europe,1992,0
Mexico,North America,Switzerland,Europe,1992,0
Mexico,North America,Spain,Europe,1992,51930
Mexico,North America,Portugal,Europe,1992,0
Mexico,North America,Germany,Europe,1992,0
Mexico,North America,Poland,Europe,1992,0
Mexico,North America,Austria,Europe,1992,0
Mexico,North America,Hungary,Europe,1992,0
Mexico,North America,Czech Republic,Europe,1992,0
Mexico,North America,Slovakia,Europe,1992,0
Mexico,North America,Italy,Europe,1992,0
Mexico,North America,Croatia,Europe,1992,0
Mexico,North America,Serbia,Europe,1992,0
Mexico,North America,Bosnia,Europe,1992,0
Mexico,North America,Greece,Europe,1992,0
Mexico,North America,Bulgaria,Europe,1992,0
Mexico,North America,Romania,Europe,1992,0
Mexico,North America,Russia,Asia,1992,0
Mexico,North America,Ukraine,Europe,1992,0
Mexico,North America,Finland,Europe,1992,0
Mexico,North America,Sweden,Europe,1992,0
Mexico,North America,Norway,Europe,1992,0
Mexico,North America,Denmark,Europe,1992,0
Mexico,North America,South Africa,Africa,1992,0
Mexico,North America,Turkey,Asia,1992,0
Mexico,North America,Iraq,Asia,1992,0
Mexico,North America,Lebanon,Asia,1992,0
Mexico,North America,Israel,Asia,1992,0
Mexico,North America,Taiwan,Asia,1992,0
Mexico,North America,South Korea,Asia,1992,0
Mexico,North America,Japan,Asia,1992,0
Mexico,North America,India,Asia,1992,0
Mexico,North America,Pakistan,Asia,1992,0
Mexico,North America,Thailand,Asia,1992,150951
Mexico,North America,Singapore,Asia,1992,0
Mexico,North America,Philippines,Asia,1992,0
Mexico,North America,Indonesia,Asia,1992,0
Mexico,North America,Australia,Oceania,1992,0
Mexico,North America,Cyprus,Europe,1992,0
Mexico,North America,China,Asia,1992,0
Mexico,North America,Ivory Coast,Africa,1992,0
Mexico,North America,Iran,Asia,1992,0
Brazil,South America,United States,North America,1992,59168039
Brazil,South America,Canada,North America,1992,664658
Brazil,South America,Mexico,North America,1992,0
Brazil,South America,Brazil,South America,1992,0
Brazil,South America,Argentina,South America,1992,6225410
Brazil,South America,United Kingdom,Europe,1992,1239498
Brazil,South America,Netherlands,Europe,1992,319311
Brazil,South America,Belgium,Europe,1992,4553706
Brazil,South America,France,Europe,1992,721586
Brazil,South America,Switzerland,Europe,1992,2085193
Brazil,South America,Spain,Europe,1992,832314
Brazil,South America,Portugal,Europe,1992,334114
Brazil,South America,Germany,Europe,1992,3856234
Brazil,South America,Poland,Europe,1992,0
Brazil,South America,Austria,Europe,1992,2331940
Brazil,South America,Hungary,Europe,1992,0
Brazil,South America,Czech Republic,Europe,1992,3773
Brazil,South America,Slovakia,Europe,1992,0
Brazil,South America,Italy,Europe,1992,4422
Brazil,South America,Croatia,Europe,1992,0
Brazil,South America,Serbia,Europe,1992,0
Brazil,South America,Bosnia,Europe,1992,0
Brazil,South America,Greece,Europe,1992,274943
Brazil,South America,Bulgaria,Europe,1992,0
Brazil,South America,Romania,Europe,1992,0
Brazil,South America,Russia,Asia,1992,0
Brazil,South America,Ukraine,Europe,1992,0
Brazil,South America,Finland,Europe,1992,331197
Brazil,South America,Sweden,Europe,1992,24181
Brazil,South America,Norway,Europe,1992,33755
Brazil,South America,Denmark,Europe,1992,47996
Brazil,South America,South Africa,Africa,1992,2941982
Brazil,South America,Turkey,Asia,1992,25617
Brazil,South America,Iraq,Asia,1992,0
Brazil,South America,Lebanon,Asia,1992,204006
Brazil,South America,Israel,Asia,1992,0
Brazil,South America,Taiwan,Asia,1992,0
Brazil,South America,South Korea,Asia,1992,245453
Brazil,South America,Japan,Asia,1992,0
Brazil,South America,India,Asia,1992,0
Brazil,South America,Pakistan,Asia,1992,482676
Brazil,South America,Thailand,Asia,1992,753084
Brazil,South America,Singapore,Asia,1992,874317
Brazil,South America,Philippines,Asia,1992,0
Brazil,South America,Indonesia,Asia,1992,0
Brazil,South America,Australia,Oceania,1992,157120
Brazil,South America,Cyprus,Europe,1992,3390
Brazil,South America,China,Asia,1992,0
Brazil,South America,Ivory Coast,Africa,1992,0
Brazil,South America,Iran,Asia,1992,0
Argentina,South America,United States,North America,1992,2570831
Argentina,South America,Canada,North America,1992,12536
Argentina,South America,Mexico,North America,1992,0
Argentina,South America,Brazil,South America,1992,0
Argentina,South America,Argentina,South America,1992,0
Argentina,South America,United Kingdom,Europe,1992,0
Argentina,South America,Netherlands,Europe,1992,18937
Argentina,South America,Belgium,Europe,1992,0
Argentina,South America,France,Europe,1992,0
Argentina,South America,Switzerland,Europe,1992,0
Argentina,South America,Spain,Europe,1992,0
Argentina,South America,Portugal,Europe,1992,0
Argentina,South America,Germany,Europe,1992,93233
Argentina,South America,Poland,Europe,1992,0
Argentina,South America,Austria,Europe,1992,0
Argentina,South America,Hungary,Europe,1992,0
Argentina,South America,Czech Republic,Europe,1992,0
Argentina,South America,Slovakia,Europe,1992,0
Argentina,South America,Italy,Europe,1992,0
Argentina,South America,Croatia,Europe,1992,0
Argentina,South America,Serbia,Europe,1992,0
Argentina,South America,Bosnia,Europe,1992,0
Argentina,South America,Greece,Europe,1992,0
Argentina,South America,Bulgaria,Europe,1992,0
Argentina,South America,Romania,Europe,1992,0
Argentina,South America,Russia,Asia,1992,0
Argentina,South America,Ukraine,Europe,1992,0
Argentina,South America,Finland,Europe,1992,7583
Argentina,South America,Sweden,Europe,1992,1272
Argentina,South America,Norway,Europe,1992,0
Argentina,South America,Denmark,Europe,1992,0
Argentina,South America,South Africa,Africa,1992,0
Argentina,South America,Turkey,Asia,1992,0
Argentina,South America,Iraq,Asia,1992,0
Argentina,South America,Lebanon,Asia,1992,0
Argentina,South America,Israel,Asia,1992,0
Argentina,South America,Taiwan,Asia,1992,0
Argentina,South America,South Korea,Asia,1992,0
Argentina,South America,Japan,Asia,1992,0
Argentina,South America,India,Asia,1992,0
Argentina,South America,Pakistan,Asia,1992,0
Argentina,South America,Thailand,Asia,1992,7683
Argentina,South America,Singapore,Asia,1992,0
Argentina,South America,Philippines,Asia,1992,0
Argentina,South America,Indonesia,Asia,1992,0
Argentina,South America,Australia,Oceania,1992,39016
Argentina,South America,Cyprus,Europe,1992,0
Argentina,South America,China,Asia,1992,0
Argentina,South America,Ivory Coast,Africa,1992,0
Argentina,South America,Iran,Asia,1992,0
United Kingdom,Europe,United States,North America,1992,6578135
United Kingdom,Europe,Canada,North America,1992,345276
United Kingdom,Europe,Mexico,North America,1992,0
United Kingdom,Europe,Brazil,South America,1992,14263
United Kingdom,Europe,Argentina,South America,1992,0
United Kingdom,Europe,United Kingdom,Europe,1992,0
United Kingdom,Europe,Netherlands,Europe,1992,220288
United Kingdom,Europe,Belgium,Europe,1992,0
United Kingdom,Europe,France,Europe,1992,0
United Kingdom,Europe,Switzerland,Europe,1992,1960491
United Kingdom,Europe,Spain,Europe,1992,860761
United Kingdom,Europe,Portugal,Europe,1992,487997
United Kingdom,Europe,Germany,Europe,1992,2589859
United Kingdom,Europe,Poland,Europe,1992,0
United Kingdom,Europe,Austria,Europe,1992,0
United Kingdom,Europe,Hungary,Europe,1992,0
United Kingdom,Europe,Czech Republic,Europe,1992,0
United Kingdom,Europe,Slovakia,Europe,1992,0
United Kingdom,Europe,Italy,Europe,1992,0
United Kingdom,Europe,Croatia,Europe,1992,0
United Kingdom,Europe,Serbia,Europe,1992,0
United Kingdom,Europe,Bosnia,Europe,1992,0
United Kingdom,Europe,Greece,Europe,1992,62832
United Kingdom,Europe,Bulgaria,Europe,1992,0
United Kingdom,Europe,Romania,Europe,1992,0
United Kingdom,Europe,Russia,Asia,1992,0
United Kingdom,Europe,Ukraine,Europe,1992,0
United Kingdom,Europe,Finland,Europe,1992,253817
United Kingdom,Europe,Sweden,Europe,1992,659316
United Kingdom,Europe,Norway,Europe,1992,0
United Kingdom,Europe,Denmark,Europe,1992,1527865
United Kingdom,Europe,South Africa,Africa,1992,0
United Kingdom,Europe,Turkey,Asia,1992,792991
United Kingdom,Europe,Iraq,Asia,1992,0
United Kingdom,Europe,Lebanon,Asia,1992,0
United Kingdom,Europe,Israel,Asia,1992,0
United Kingdom,Europe,Taiwan,Asia,1992,0
United Kingdom,Europe,South Korea,Asia,1992,1405102
United Kingdom,Europe,Japan,Asia,1992,830896
United Kingdom,Europe,India,Asia,1992,4806
United Kingdom,Europe,Pakistan,Asia,1992,0
United Kingdom,Europe,Thailand,Asia,1992,92585
United Kingdom,Europe,Singapore,Asia,1992,121059
United Kingdom,Europe,Philippines,Asia,1992,0
United Kingdom,Europe,Indonesia,Asia,1992,11069
United Kingdom,Europe,Australia,Oceania,1992,3655014
United Kingdom,Europe,Cyprus,Europe,1992,273613
United Kingdom,Europe,China,Asia,1992,134360
United Kingdom,Europe,Ivory Coast,Africa,1992,0
United Kingdom,Europe,Iran,Asia,1992,0
Netherlands,Europe,United States,North America,1992,10464
Netherlands,Europe,Canada,North America,1992,0
Netherlands,Europe,Mexico,North America,1992,0
Netherlands,Europe,Brazil,South America,1992,0
Netherlands,Europe,Argentina,South America,1992,1798
Netherlands,Europe,United Kingdom,Europe,1992,1650236
Netherlands,Europe,Netherlands,Europe,1992,0
Netherlands,Europe,Belgium,Europe,1992,387689
Netherlands,Europe,France,Europe,1992,1655406
Netherlands,Europe,Switzerland,Europe,1992,2084259
Netherlands,Europe,Spain,Europe,1992,8124
Netherlands,Europe,Portugal,Europe,1992,0
Netherlands,Europe,Germany,Europe,1992,861603
Netherlands,Europe,Poland,Europe,1992,0
Netherlands,Europe,Austria,Europe,1992,13477
Netherlands,Europe,Hungary,Europe,1992,0
Netherlands,Europe,Czech Republic,Europe,1992,0
Netherlands,Europe,Slovakia,Europe,1992,0
Netherlands,Europe,Italy,Europe,1992,41696
Netherlands,Europe,Croatia,Europe,1992,0
Netherlands,Europe,Serbia,Europe,1992,0
Netherlands,Europe,Bosnia,Europe,1992,0
Netherlands,Europe,Greece,Europe,1992,7108
Netherlands,Europe,Bulgaria,Europe,1992,0
Netherlands,Europe,Romania,Europe,1992,0
Netherlands,Europe,Russia,Asia,1992,0
Netherlands,Europe,Ukraine,Europe,1992,0
Netherlands,Europe,Finland,Europe,1992,0
Netherlands,Europe,Sweden,Europe,1992,106138
Netherlands,Europe,Norway,Europe,1992,1860
Netherlands,Europe,Denmark,Europe,1992,24750
Netherlands,Europe,South Africa,Africa,1992,0
Netherlands,Europe,Turkey,Asia,1992,548045
Netherlands,Europe,Iraq,Asia,1992,0
Netherlands,Europe,Lebanon,Asia,1992,0
Netherlands,Europe,Israel,Asia,1992,0
Netherlands,Europe,Taiwan,Asia,1992,0
Netherlands,Europe,South Korea,Asia,1992,0
Netherlands,Europe,Japan,Asia,1992,0
Netherlands,Europe,India,Asia,1992,0
Netherlands,Europe,Pakistan,Asia,1992,0
Netherlands,Europe,Thailand,Asia,1992,0
Netherlands,Europe,Singapore,Asia,1992,16933
Netherlands,Europe,Philippines,Asia,1992,0
Netherlands,Europe,Indonesia,Asia,1992,498951
Netherlands,Europe,Australia,Oceania,1992,5389
Netherlands,Europe,Cyprus,Europe,1992,0
Netherlands,Europe,China,Asia,1992,0
Netherlands,Europe,Ivory Coast,Africa,1992,0
Netherlands,Europe,Iran,Asia,1992,0
Belgium,Europe,United States,North America,1992,21860027
Belgium,Europe,Canada,North America,1992,222238
Belgium,Europe,Mexico,North America,1992,0
Belgium,Europe,Brazil,South America,1992,0
Belgium,Europe,Argentina,South America,1992,0
Belgium,Europe,United Kingdom,Europe,1992,0
Belgium,Europe,Netherlands,Europe,1992,2106049
Belgium,Europe,Belgium,Europe,1992,0
Belgium,Europe,France,Europe,1992,0
Belgium,Europe,Switzerland,Europe,1992,1609240
Belgium,Europe,Spain,Europe,1992,873458
Belgium,Europe,Portugal,Europe,1992,1372332
Belgium,Europe,Germany,Europe,1992,8558381
Belgium,Europe,Poland,Europe,1992,0
Belgium,Europe,Austria,Europe,1992,0
Belgium,Europe,Hungary,Europe,1992,0
Belgium,Europe,Czech Republic,Europe,1992,0
Belgium,Europe,Slovakia,Europe,1992,0
Belgium,Europe,Italy,Europe,1992,0
Belgium,Europe,Croatia,Europe,1992,3334
Belgium,Europe,Serbia,Europe,1992,0
Belgium,Europe,Bosnia,Europe,1992,0
Belgium,Europe,Greece,Europe,1992,465050
Belgium,Europe,Bulgaria,Europe,1992,0
Belgium,Europe,Romania,Europe,1992,0
Belgium,Europe,Russia,Asia,1992,0
Belgium,Europe,Ukraine,Europe,1992,0
Belgium,Europe,Finland,Europe,1992,495289
Belgium,Europe,Sweden,Europe,1992,159097
Belgium,Europe,Norway,Europe,1992,0
Belgium,Europe,Denmark,Europe,1992,203534
Belgium,Europe,South Africa,Africa,1992,0
Belgium,Europe,Turkey,Asia,1992,1531426
Belgium,Europe,Iraq,Asia,1992,0
Belgium,Europe,Lebanon,Asia,1992,0
Belgium,Europe,Israel,Asia,1992,0
Belgium,Europe,Taiwan,Asia,1992,0
Belgium,Europe,South Korea,Asia,1992,125086
Belgium,Europe,Japan,Asia,1992,683659
Belgium,Europe,India,Asia,1992,0
Belgium,Europe,Pakistan,Asia,1992,0
Belgium,Europe,Thailand,Asia,1992,320304
Belgium,Europe,Singapore,Asia,1992,200730
Belgium,Europe,Philippines,Asia,1992,0
Belgium,Europe,Indonesia,Asia,1992,0
Belgium,Europe,Australia,Oceania,1992,427568
Belgium,Europe,Cyprus,Europe,1992,43207
Belgium,Europe,China,Asia,1992,9804
Belgium,Europe,Ivory Coast,Africa,1992,0
Belgium,Europe,Iran,Asia,1992,0
France,Europe,United States,North America,1992,435869
France,Europe,Canada,North America,1992,234762
France,Europe,Mexico,North America,1992,0
France,Europe,Brazil,South America,1992,0
France,Europe,Argentina,South America,1992,0
France,Europe,United Kingdom,Europe,1992,0
France,Europe,Netherlands,Europe,1992,215460
France,Europe,Belgium,Europe,1992,0
France,Europe,France,Europe,1992,0
France,Europe,Switzerland,Europe,1992,15420028
France,Europe,Spain,Europe,1992,1766529
France,Europe,Portugal,Europe,1992,581917
France,Europe,Germany,Europe,1992,1664909
France,Europe,Poland,Europe,1992,0
France,Europe,Austria,Europe,1992,0
France,Europe,Hungary,Europe,1992,0
France,Europe,Czech Republic,Europe,1992,0
France,Europe,Slovakia,Europe,1992,0
France,Europe,Italy,Europe,1992,0
France,Europe,Croatia,Europe,1992,0
France,Europe,Serbia,Europe,1992,0
France,Europe,Bosnia,Europe,1992,0
France,Europe,Greece,Europe,1992,668366
France,Europe,Bulgaria,Europe,1992,0
France,Europe,Romania,Europe,1992,0
France,Europe,Russia,Asia,1992,0
France,Europe,Ukraine,Europe,1992,0
France,Europe,Finland,Europe,1992,460988
France,Europe,Sweden,Europe,1992,255070
France,Europe,Norway,Europe,1992,0
France,Europe,Denmark,Europe,1992,624343
France,Europe,South Africa,Africa,1992,0
France,Europe,Turkey,Asia,1992,0
France,Europe,Iraq,Asia,1992,0
France,Europe,Lebanon,Asia,1992,0
France,Europe,Israel,Asia,1992,0
France,Europe,Taiwan,Asia,1992,0
France,Europe,South Korea,Asia,1992,42682
France,Europe,Japan,Asia,1992,1114815
France,Europe,India,Asia,1992,0
France,Europe,Pakistan,Asia,1992,0
France,Europe,Thailand,Asia,1992,34314
France,Europe,Singapore,Asia,1992,0
France,Europe,Philippines,Asia,1992,0
France,Europe,Indonesia,Asia,1992,0
France,Europe,Australia,Oceania,1992,82539
France,Europe,Cyprus,Europe,1992,111351
France,Europe,China,Asia,1992,0
France,Europe,Ivory Coast,Africa,1992,0
France,Europe,Iran,Asia,1992,0
Switzerland,Europe,United States,North America,1992,440385
Switzerland,Europe,Canada,North America,1992,556645
Switzerland,Europe,Mexico,North America,1992,3075
Switzerland,Europe,Brazil,South America,1992,5873
Switzerland,Europe,Argentina,South America,1992,67353
Switzerland,Europe,United Kingdom,Europe,1992,606549
Switzerland,Europe,Netherlands,Europe,1992,350273
Switzerland,Europe,Belgium,Europe,1992,308924
Switzerland,Europe,France,Europe,1992,344845
Switzerland,Europe,Switzerland,Europe,1992,0
Switzerland,Europe,Spain,Europe,1992,239581
Switzerland,Europe,Portugal,Europe,1992,26376
Switzerland,Europe,Germany,Europe,1992,4037474
Switzerland,Europe,Poland,Europe,1992,21871
Switzerland,Europe,Austria,Europe,1992,2936323
Switzerland,Europe,Hungary,Europe,1992,2654
Switzerland,Europe,Czech Republic,Europe,1992,48451
Switzerland,Europe,Slovakia,Europe,1992,0
Switzerland,Europe,Italy,Europe,1992,2701575
Switzerland,Europe,Croatia,Europe,1992,0
Switzerland,Europe,Serbia,Europe,1992,0
Switzerland,Europe,Bosnia,Europe,1992,0
Switzerland,Europe,Greece,Europe,1992,49960
Switzerland,Europe,Bulgaria,Europe,1992,2108
Switzerland,Europe,Romania,Europe,1992,5272
Switzerland,Europe,Russia,Asia,1992,3266
Switzerland,Europe,Ukraine,Europe,1992,0
Switzerland,Europe,Finland,Europe,1992,100135
Switzerland,Europe,Sweden,Europe,1992,1114443
Switzerland,Europe,Norway,Europe,1992,100164
Switzerland,Europe,Denmark,Europe,1992,950768
Switzerland,Europe,South Africa,Africa,1992,435212
Switzerland,Europe,Turkey,Asia,1992,197872
Switzerland,Europe,Iraq,Asia,1992,0
Switzerland,Europe,Lebanon,Asia,1992,0
Switzerland,Europe,Israel,Asia,1992,4503
Switzerland,Europe,Taiwan,Asia,1992,22807
Switzerland,Europe,South Korea,Asia,1992,3209936
Switzerland,Europe,Japan,Asia,1992,361114
Switzerland,Europe,India,Asia,1992,6844
Switzerland,Europe,Pakistan,Asia,1992,74721
Switzerland,Europe,Thailand,Asia,1992,87807
Switzerland,Europe,Singapore,Asia,1992,2888912
Switzerland,Europe,Philippines,Asia,1992,0
Switzerland,Europe,Indonesia,Asia,1992,0
Switzerland,Europe,Australia,Oceania,1992,80007
Switzerland,Europe,Cyprus,Europe,1992,1651
Switzerland,Europe,China,Asia,1992,126281
Switzerland,Europe,Ivory Coast,Africa,1992,948
Switzerland,Europe,Iran,Asia,1992,74675
Spain,Europe,United States,North America,1992,14586319
Spain,Europe,Canada,North America,1992,1003032
Spain,Europe,Mexico,North America,1992,304848
Spain,Europe,Brazil,South America,1992,0
Spain,Europe,Argentina,South America,1992,1351953
Spain,Europe,United Kingdom,Europe,1992,1096617
Spain,Europe,Netherlands,Europe,1992,57555
Spain,Europe,Belgium,Europe,1992,568576
Spain,Europe,France,Europe,1992,3670514
Spain,Europe,Switzerland,Europe,1992,106400
Spain,Europe,Spain,Europe,1992,0
Spain,Europe,Portugal,Europe,1992,1400953
Spain,Europe,Germany,Europe,1992,3432473
Spain,Europe,Poland,Europe,1992,1414
Spain,Europe,Austria,Europe,1992,238246
Spain,Europe,Hungary,Europe,1992,0
Spain,Europe,Czech Republic,Europe,1992,17967
Spain,Europe,Slovakia,Europe,1992,0
Spain,Europe,Italy,Europe,1992,1029280
Spain,Europe,Croatia,Europe,1992,0
Spain,Europe,Serbia,Europe,1992,0
Spain,Europe,Bosnia,Europe,1992,0
Spain,Europe,Greece,Europe,1992,268293
Spain,Europe,Bulgaria,Europe,1992,0
Spain,Europe,Romania,Europe,1992,0
Spain,Europe,Russia,Asia,1992,0
Spain,Europe,Ukraine,Europe,1992,0
Spain,Europe,Finland,Europe,1992,251236
Spain,Europe,Sweden,Europe,1992,172555
Spain,Europe,Norway,Europe,1992,259353
Spain,Europe,Denmark,Europe,1992,317484
Spain,Europe,South Africa,Africa,1992,1311374
Spain,Europe,Turkey,Asia,1992,871775
Spain,Europe,Iraq,Asia,1992,0
Spain,Europe,Lebanon,Asia,1992,58852
Spain,Europe,Israel,Asia,1992,313476
Spain,Europe,Taiwan,Asia,1992,0
Spain,Europe,South Korea,Asia,1992,871
Spain,Europe,Japan,Asia,1992,518853
Spain,Europe,India,Asia,1992,0
Spain,Europe,Pakistan,Asia,1992,8565
Spain,Europe,Thailand,Asia,1992,207337
Spain,Europe,Singapore,Asia,1992,0
Spain,Europe,Philippines,Asia,1992,20723
Spain,Europe,Indonesia,Asia,1992,0
Spain,Europe,Australia,Oceania,1992,164412
Spain,Europe,Cyprus,Europe,1992,403636
Spain,Europe,China,Asia,1992,0
Spain,Europe,Ivory Coast,Africa,1992,0
Spain,Europe,Iran,Asia,1992,0
Portugal,Europe,United States,North America,1992,11021852
Portugal,Europe,Canada,North America,1992,432590
Portugal,Europe,Mexico,North America,1992,0
Portugal,Europe,Brazil,South America,1992,0
Portugal,Europe,Argentina,South America,1992,0
Portugal,Europe,United Kingdom,Europe,1992,82803
Portugal,Europe,Netherlands,Europe,1992,0
Portugal,Europe,Belgium,Europe,1992,5032376
Portugal,Europe,France,Europe,1992,1526100
Portugal,Europe,Switzerland,Europe,1992,5005
Portugal,Europe,Spain,Europe,1992,5705108
Portugal,Europe,Portugal,Europe,1992,0
Portugal,Europe,Germany,Europe,1992,97672
Portugal,Europe,Poland,Europe,1992,0
Portugal,Europe,Austria,Europe,1992,0
Portugal,Europe,Hungary,Europe,1992,0
Portugal,Europe,Czech Republic,Europe,1992,0
Portugal,Europe,Slovakia,Europe,1992,0
Portugal,Europe,Italy,Europe,1992,673262
Portugal,Europe,Croatia,Europe,1992,0
Portugal,Europe,Serbia,Europe,1992,0
Portugal,Europe,Bosnia,Europe,1992,0
Portugal,Europe,Greece,Europe,1992,75560
Portugal,Europe,Bulgaria,Europe,1992,0
Portugal,Europe,Romania,Europe,1992,0
Portugal,Europe,Russia,Asia,1992,0
Portugal,Europe,Ukraine,Europe,1992,0
Portugal,Europe,Finland,Europe,1992,93006
Portugal,Europe,Sweden,Europe,1992,71051
Portugal,Europe,Norway,Europe,1992,11410
Portugal,Europe,Denmark,Europe,1992,0
Portugal,Europe,South Africa,Africa,1992,0
Portugal,Europe,Turkey,Asia,1992,563639
Portugal,Europe,Iraq,Asia,1992,0
Portugal,Europe,Lebanon,Asia,1992,0
Portugal,Europe,Israel,Asia,1992,0
Portugal,Europe,Taiwan,Asia,1992,0
Portugal,Europe,South Korea,Asia,1992,3174
Portugal,Europe,Japan,Asia,1992,161824
Portugal,Europe,India,Asia,1992,0
Portugal,Europe,Pakistan,Asia,1992,0
Portugal,Europe,Thailand,Asia,1992,0
Portugal,Europe,Singapore,Asia,1992,0
Portugal,Europe,Philippines,Asia,1992,0
Portugal,Europe,Indonesia,Asia,1992,0
Portugal,Europe,Australia,Oceania,1992,0
Portugal,Europe,Cyprus,Europe,1992,0
Portugal,Europe,China,Asia,1992,0
Portugal,Europe,Ivory Coast,Africa,1992,0
Portugal,Europe,Iran,Asia,1992,0
Germany,Europe,United States,North America,1992,43341731
Germany,Europe,Canada,North America,1992,1929083
Germany,Europe,Mexico,North America,1992,48836
Germany,Europe,Brazil,South America,1992,240796
Germany,Europe,Argentina,South America,1992,993024
Germany,Europe,United Kingdom,Europe,1992,4627711
Germany,Europe,Netherlands,Europe,1992,9277620
Germany,Europe,Belgium,Europe,1992,10304688
Germany,Europe,France,Europe,1992,22321648
Germany,Europe,Switzerland,Europe,1992,15462213
Germany,Europe,Spain,Europe,1992,4536856
Germany,Europe,Portugal,Europe,1992,1047039
Germany,Europe,Germany,Europe,1992,0
Germany,Europe,Poland,Europe,1992,938268
Germany,Europe,Austria,Europe,1992,15731559
Germany,Europe,Hungary,Europe,1992,300421
Germany,Europe,Czech Republic,Europe,1992,287101
Germany,Europe,Slovakia,Europe,1992,0
Germany,Europe,Italy,Europe,1992,7071060
Germany,Europe,Croatia,Europe,1992,8879
Germany,Europe,Serbia,Europe,1992,13318
Germany,Europe,Bosnia,Europe,1992,0
Germany,Europe,Greece,Europe,1992,668922
Germany,Europe,Bulgaria,Europe,1992,19238
Germany,Europe,Romania,Europe,1992,60674
Germany,Europe,Russia,Asia,1992,1018183
Germany,Europe,Ukraine,Europe,1992,5919
Germany,Europe,Finland,Europe,1992,15474889
Germany,Europe,Sweden,Europe,1992,7594952
Germany,Europe,Norway,Europe,1992,4916296
Germany,Europe,Denmark,Europe,1992,4081621
Germany,Europe,South Africa,Africa,1992,192388
Germany,Europe,Turkey,Asia,1992,500440
Germany,Europe,Iraq,Asia,1992,0
Germany,Europe,Lebanon,Asia,1992,387738
Germany,Europe,Israel,Asia,1992,236786
Germany,Europe,Taiwan,Asia,1992,288582
Germany,Europe,South Korea,Asia,1992,1136577
Germany,Europe,Japan,Asia,1992,15734677
Germany,Europe,India,Asia,1992,8878
Germany,Europe,Pakistan,Asia,1992,404016
Germany,Europe,Thailand,Asia,1992,893519
Germany,Europe,Singapore,Asia,1992,195347
Germany,Europe,Philippines,Asia,1992,0
Germany,Europe,Indonesia,Asia,1992,387737
Germany,Europe,Australia,Oceania,1992,325581
Germany,Europe,Cyprus,Europe,1992,97673
Germany,Europe,China,Asia,1992,1428121
Germany,Europe,Ivory Coast,Africa,1992,0
Germany,Europe,Iran,Asia,1992,1479
Poland,Europe,United States,North America,1992,117287
Poland,Europe,Canada,North America,1992,0
Poland,Europe,Mexico,North America,1992,0
Poland,Europe,Brazil,South America,1992,0
Poland,Europe,Argentina,South America,1992,0
Poland,Europe,United Kingdom,Europe,1992,0
Poland,Europe,Netherlands,Europe,1992,0
Poland,Europe,Belgium,Europe,1992,0
Poland,Europe,France,Europe,1992,0
Poland,Europe,Switzerland,Europe,1992,4192
Poland,Europe,Spain,Europe,1992,0
Poland,Europe,Portugal,Europe,1992,0
Poland,Europe,Germany,Europe,1992,214587
Poland,Europe,Poland,Europe,1992,0
Poland,Europe,Austria,Europe,1992,0
Poland,Europe,Hungary,Europe,1992,0
Poland,Europe,Czech Republic,Europe,1992,0
Poland,Europe,Slovakia,Europe,1992,0
Poland,Europe,Italy,Europe,1992,0
Poland,Europe,Croatia,Europe,1992,0
Poland,Europe,Serbia,Europe,1992,0
Poland,Europe,Bosnia,Europe,1992,0
Poland,Europe,Greece,Europe,1992,0
Poland,Europe,Bulgaria,Europe,1992,0
Poland,Europe,Romania,Europe,1992,0
Poland,Europe,Russia,Asia,1992,0
Poland,Europe,Ukraine,Europe,1992,0
Poland,Europe,Finland,Europe,1992,203477
Poland,Europe,Sweden,Europe,1992,763
Poland,Europe,Norway,Europe,1992,0
Poland,Europe,Denmark,Europe,1992,0
Poland,Europe,South Africa,Africa,1992,0
Poland,Europe,Turkey,Asia,1992,23221
Poland,Europe,Iraq,Asia,1992,0
Poland,Europe,Lebanon,Asia,1992,0
Poland,Europe,Israel,Asia,1992,0
Poland,Europe,Taiwan,Asia,1992,0
Poland,Europe,South Korea,Asia,1992,0
Poland,Europe,Japan,Asia,1992,0
Poland,Europe,India,Asia,1992,0
Poland,Europe,Pakistan,Asia,1992,0
Poland,Europe,Thailand,Asia,1992,0
Poland,Europe,Singapore,Asia,1992,0
Poland,Europe,Philippines,Asia,1992,0
Poland,Europe,Indonesia,Asia,1992,0
Poland,Europe,Australia,Oceania,1992,0
Poland,Europe,Cyprus,Europe,1992,64240
Poland,Europe,China,Asia,1992,0
Poland,Europe,Ivory Coast,Africa,1992,0
Poland,Europe,Iran,Asia,1992,0
Austria,Europe,United States,North America,1992,53867917
Austria,Europe,Canada,North America,1992,1307915
Austria,Europe,Mexico,North America,1992,0
Austria,Europe,Brazil,South America,1992,0
Austria,Europe,Argentina,South America,1992,0
Austria,Europe,United Kingdom,Europe,1992,0
Austria,Europe,Netherlands,Europe,1992,20271
Austria,Europe,Belgium,Europe,1992,0
Austria,Europe,France,Europe,1992,0
Austria,Europe,Switzerland,Europe,1992,1501087
Austria,Europe,Spain,Europe,1992,1294997
Austria,Europe,Portugal,Europe,1992,170828
Austria,Europe,Germany,Europe,1992,11848245
Austria,Europe,Poland,Europe,1992,0
Austria,Europe,Austria,Europe,1992,0
Austria,Europe,Hungary,Europe,1992,0
Austria,Europe,Czech Republic,Europe,1992,0
Austria,Europe,Slovakia,Europe,1992,0
Austria,Europe,Italy,Europe,1992,0
Austria,Europe,Croatia,Europe,1992,810
Austria,Europe,Serbia,Europe,1992,0
Austria,Europe,Bosnia,Europe,1992,0
Austria,Europe,Greece,Europe,1992,0
Austria,Europe,Bulgaria,Europe,1992,0
Austria,Europe,Romania,Europe,1992,0
Austria,Europe,Russia,Asia,1992,0
Austria,Europe,Ukraine,Europe,1992,0
Austria,Europe,Finland,Europe,1992,197120
Austria,Europe,Sweden,Europe,1992,1294455
Austria,Europe,Norway,Europe,1992,0
Austria,Europe,Denmark,Europe,1992,143427
Austria,Europe,South Africa,Africa,1992,0
Austria,Europe,Turkey,Asia,1992,6924
Austria,Europe,Iraq,Asia,1992,0
Austria,Europe,Lebanon,Asia,1992,0
Austria,Europe,Israel,Asia,1992,0
Austria,Europe,Taiwan,Asia,1992,0
Austria,Europe,South Korea,Asia,1992,202320
Austria,Europe,Japan,Asia,1992,77911
Austria,Europe,India,Asia,1992,15035
Austria,Europe,Pakistan,Asia,1992,0
Austria,Europe,Thailand,Asia,1992,568022
Austria,Europe,Singapore,Asia,1992,0
Austria,Europe,Philippines,Asia,1992,0
Austria,Europe,Indonesia,Asia,1992,19392
Austria,Europe,Australia,Oceania,1992,2786900
Austria,Europe,Cyprus,Europe,1992,0
Austria,Europe,China,Asia,1992,0
Austria,Europe,Ivory Coast,Africa,1992,0
Austria,Europe,Iran,Asia,1992,0
Hungary,Europe,United States,North America,1992,11525750
Hungary,Europe,Canada,North America,1992,1200773
Hungary,Europe,Mexico,North America,1992,0
Hungary,Europe,Brazil,South America,1992,0
Hungary,Europe,Argentina,South America,1992,0
Hungary,Europe,United Kingdom,Europe,1992,0
Hungary,Europe,Netherlands,Europe,1992,0
Hungary,Europe,Belgium,Europe,1992,0
Hungary,Europe,France,Europe,1992,0
Hungary,Europe,Switzerland,Europe,1992,102360
Hungary,Europe,Spain,Europe,1992,111957
Hungary,Europe,Portugal,Europe,1992,0
Hungary,Europe,Germany,Europe,1992,3103393
Hungary,Europe,Poland,Europe,1992,0
Hungary,Europe,Austria,Europe,1992,0
Hungary,Europe,Hungary,Europe,1992,0
Hungary,Europe,Czech Republic,Europe,1992,0
Hungary,Europe,Slovakia,Europe,1992,0
Hungary,Europe,Italy,Europe,1992,0
Hungary,Europe,Croatia,Europe,1992,0
Hungary,Europe,Serbia,Europe,1992,0
Hungary,Europe,Bosnia,Europe,1992,0
Hungary,Europe,Greece,Europe,1992,0
Hungary,Europe,Bulgaria,Europe,1992,0
Hungary,Europe,Romania,Europe,1992,0
Hungary,Europe,Russia,Asia,1992,0
Hungary,Europe,Ukraine,Europe,1992,0
Hungary,Europe,Finland,Europe,1992,324758
Hungary,Europe,Sweden,Europe,1992,345695
Hungary,Europe,Norway,Europe,1992,0
Hungary,Europe,Denmark,Europe,1992,564551
Hungary,Europe,South Africa,Africa,1992,0
Hungary,Europe,Turkey,Asia,1992,133947
Hungary,Europe,Iraq,Asia,1992,0
Hungary,Europe,Lebanon,Asia,1992,0
Hungary,Europe,Israel,Asia,1992,0
Hungary,Europe,Taiwan,Asia,1992,0
Hungary,Europe,South Korea,Asia,1992,0
Hungary,Europe,Japan,Asia,1992,0
Hungary,Europe,India,Asia,1992,0
Hungary,Europe,Pakistan,Asia,1992,0
Hungary,Europe,Thailand,Asia,1992,254778
Hungary,Europe,Singapore,Asia,1992,0
Hungary,Europe,Philippines,Asia,1992,0
Hungary,Europe,Indonesia,Asia,1992,0
Hungary,Europe,Australia,Oceania,1992,0
Hungary,Europe,Cyprus,Europe,1992,0
Hungary,Europe,China,Asia,1992,0
Hungary,Europe,Ivory Coast,Africa,1992,0
Hungary,Europe,Iran,Asia,1992,0
Czech Republic,Europe,United States,North America,1992,4865614
Czech Republic,Europe,Canada,North America,1992,619330
Czech Republic,Europe,Mexico,North America,1992,0
Czech Republic,Europe,Brazil,South America,1992,0
Czech Republic,Europe,Argentina,South America,1992,0
Czech Republic,Europe,United Kingdom,Europe,1992,0
Czech Republic,Europe,Netherlands,Europe,1992,222680
Czech Republic,Europe,Belgium,Europe,1992,0
Czech Republic,Europe,France,Europe,1992,0
Czech Republic,Europe,Switzerland,Europe,1992,1178483
Czech Republic,Europe,Spain,Europe,1992,549137
Czech Republic,Europe,Portugal,Europe,1992,110828
Czech Republic,Europe,Germany,Europe,1992,8657536
Czech Republic,Europe,Poland,Europe,1992,0
Czech Republic,Europe,Austria,Europe,1992,0
Czech Republic,Europe,Hungary,Europe,1992,0
Czech Republic,Europe,Czech Republic,Europe,1992,0
Czech Republic,Europe,Slovakia,Europe,1992,0
Czech Republic,Europe,Italy,Europe,1992,0
Czech Republic,Europe,Croatia,Europe,1992,0
Czech Republic,Europe,Serbia,Europe,1992,0
Czech Republic,Europe,Bosnia,Europe,1992,0
Czech Republic,Europe,Greece,Europe,1992,0
Czech Republic,Europe,Bulgaria,Europe,1992,0
Czech Republic,Europe,Romania,Europe,1992,0
Czech Republic,Europe,Russia,Asia,1992,0
Czech Republic,Europe,Ukraine,Europe,1992,0
Czech Republic,Europe,Finland,Europe,1992,1498394
Czech Republic,Europe,Sweden,Europe,1992,1620041
Czech Republic,Europe,Norway,Europe,1992,0
Czech Republic,Europe,Denmark,Europe,1992,250838
Czech Republic,Europe,South Africa,Africa,1992,0
Czech Republic,Europe,Turkey,Asia,1992,374830
Czech Republic,Europe,Iraq,Asia,1992,0
Czech Republic,Europe,Lebanon,Asia,1992,0
Czech Republic,Europe,Israel,Asia,1992,0
Czech Republic,Europe,Taiwan,Asia,1992,0
Czech Republic,Europe,South Korea,Asia,1992,0
Czech Republic,Europe,Japan,Asia,1992,126624
Czech Republic,Europe,India,Asia,1992,0
Czech Republic,Europe,Pakistan,Asia,1992,0
Czech Republic,Europe,Thailand,Asia,1992,1048816
Czech Republic,Europe,Singapore,Asia,1992,15682
Czech Republic,Europe,Philippines,Asia,1992,0
Czech Republic,Europe,Indonesia,Asia,1992,0
Czech Republic,Europe,Australia,Oceania,1992,272649
Czech Republic,Europe,Cyprus,Europe,1992,65202
Czech Republic,Europe,China,Asia,1992,0
Czech Republic,Europe,Ivory Coast,Africa,1992,0
Czech Republic,Europe,Iran,Asia,1992,0
Slovakia,Europe,United States,North America,1992,0
Slovakia,Europe,Canada,North America,1992,0
Slovakia,Europe,Mexico,North America,1992,0
Slovakia,Europe,Brazil,South America,1992,0
Slovakia,Europe,Argentina,South America,1992,0
Slovakia,Europe,United Kingdom,Europe,1992,0
Slovakia,Europe,Netherlands,Europe,1992,0
Slovakia,Europe,Belgium,Europe,1992,0
Slovakia,Europe,France,Europe,1992,0
Slovakia,Europe,Switzerland,Europe,1992,0
Slovakia,Europe,Spain,Europe,1992,0
Slovakia,Europe,Portugal,Europe,1992,0
Slovakia,Europe,Germany,Europe,1992,0
Slovakia,Europe,Poland,Europe,1992,0
Slovakia,Europe,Austria,Europe,1992,0
Slovakia,Europe,Hungary,Europe,1992,0
Slovakia,Europe,Czech Republic,Europe,1992,0
Slovakia,Europe,Slovakia,Europe,1992,0
Slovakia,Europe,Italy,Europe,1992,0
Slovakia,Europe,Croatia,Europe,1992,0
Slovakia,Europe,Serbia,Europe,1992,0
Slovakia,Europe,Bosnia,Europe,1992,0
Slovakia,Europe,Greece,Europe,1992,0
Slovakia,Europe,Bulgaria,Europe,1992,0
Slovakia,Europe,Romania,Europe,1992,0
Slovakia,Europe,Russia,Asia,1992,0
Slovakia,Europe,Ukraine,Europe,1992,0
Slovakia,Europe,Finland,Europe,1992,0
Slovakia,Europe,Sweden,Europe,1992,0
Slovakia,Europe,Norway,Europe,1992,0
Slovakia,Europe,Denmark,Europe,1992,0
Slovakia,Europe,South Africa,Africa,1992,0
Slovakia,Europe,Turkey,Asia,1992,0
Slovakia,Europe,Iraq,Asia,1992,0
Slovakia,Europe,Lebanon,Asia,1992,0
Slovakia,Europe,Israel,Asia,1992,0
Slovakia,Europe,Taiwan,Asia,1992,0
Slovakia,Europe,South Korea,Asia,1992,0
Slovakia,Europe,Japan,Asia,1992,0
Slovakia,Europe,India,Asia,1992,0
Slovakia,Europe,Pakistan,Asia,1992,0
Slovakia,Europe,Thailand,Asia,1992,0
Slovakia,Europe,Singapore,Asia,1992,0
Slovakia,Europe,Philippines,Asia,1992,0
Slovakia,Europe,Indonesia,Asia,1992,0
Slovakia,Europe,Australia,Oceania,1992,0
Slovakia,Europe,Cyprus,Europe,1992,0
Slovakia,Europe,China,Asia,1992,0
Slovakia,Europe,Ivory Coast,Africa,1992,0
Slovakia,Europe,Iran,Asia,1992,0
Italy,Europe,United States,North America,1992,80425403
Italy,Europe,Canada,North America,1992,2620474
Italy,Europe,Mexico,North America,1992,2117765
Italy,Europe,Brazil,South America,1992,0
Italy,Europe,Argentina,South America,1992,0
Italy,Europe,United Kingdom,Europe,1992,0
Italy,Europe,Netherlands,Europe,1992,1614682
Italy,Europe,Belgium,Europe,1992,0
Italy,Europe,France,Europe,1992,0
Italy,Europe,Switzerland,Europe,1992,2558593
Italy,Europe,Spain,Europe,1992,13669472
Italy,Europe,Portugal,Europe,1992,8949224
Italy,Europe,Germany,Europe,1992,23681695
Italy,Europe,Poland,Europe,1992,0
Italy,Europe,Austria,Europe,1992,0
Italy,Europe,Hungary,Europe,1992,0
Italy,Europe,Czech Republic,Europe,1992,0
Italy,Europe,Slovakia,Europe,1992,0
Italy,Europe,Italy,Europe,1992,0
Italy,Europe,Croatia,Europe,1992,55250
Italy,Europe,Serbia,Europe,1992,14799
Italy,Europe,Bosnia,Europe,1992,0
Italy,Europe,Greece,Europe,1992,9148754
Italy,Europe,Bulgaria,Europe,1992,0
Italy,Europe,Romania,Europe,1992,0
Italy,Europe,Russia,Asia,1992,0
Italy,Europe,Ukraine,Europe,1992,0
Italy,Europe,Finland,Europe,1992,4805904
Italy,Europe,Sweden,Europe,1992,8592810
Italy,Europe,Norway,Europe,1992,0
Italy,Europe,Denmark,Europe,1992,1624095
Italy,Europe,South Africa,Africa,1992,0
Italy,Europe,Turkey,Asia,1992,3795084
Italy,Europe,Iraq,Asia,1992,0
Italy,Europe,Lebanon,Asia,1992,0
Italy,Europe,Israel,Asia,1992,0
Italy,Europe,Taiwan,Asia,1992,0
Italy,Europe,South Korea,Asia,1992,8607149
Italy,Europe,Japan,Asia,1992,7810113
Italy,Europe,India,Asia,1992,5761
Italy,Europe,Pakistan,Asia,1992,0
Italy,Europe,Thailand,Asia,1992,832269
Italy,Europe,Singapore,Asia,1992,214442
Italy,Europe,Philippines,Asia,1992,0
Italy,Europe,Indonesia,Asia,1992,237499
Italy,Europe,Australia,Oceania,1992,1482205
Italy,Europe,Cyprus,Europe,1992,1485251
Italy,Europe,China,Asia,1992,104307
Italy,Europe,Ivory Coast,Africa,1992,0
Italy,Europe,Iran,Asia,1992,0
Croatia,Europe,United States,North America,1992,0
Croatia,Europe,Canada,North America,1992,0
Croatia,Europe,Mexico,North America,1992,0
Croatia,Europe,Brazil,South America,1992,0
Croatia,Europe,Argentina,South America,1992,0
Croatia,Europe,United Kingdom,Europe,1992,0
Croatia,Europe,Netherlands,Europe,1992,0
Croatia,Europe,Belgium,Europe,1992,0
Croatia,Europe,France,Europe,1992,0
Croatia,Europe,Switzerland,Europe,1992,0
Croatia,Europe,Spain,Europe,1992,0
Croatia,Europe,Portugal,Europe,1992,0
Croatia,Europe,Germany,Europe,1992,0
Croatia,Europe,Poland,Europe,1992,0
Croatia,Europe,Austria,Europe,1992,0
Croatia,Europe,Hungary,Europe,1992,0
Croatia,Europe,Czech Republic,Europe,1992,0
Croatia,Europe,Slovakia,Europe,1992,0
Croatia,Europe,Italy,Europe,1992,0
Croatia,Europe,Croatia,Europe,1992,0
Croatia,Europe,Serbia,Europe,1992,0
Croatia,Europe,Bosnia,Europe,1992,0
Croatia,Europe,Greece,Europe,1992,0
Croatia,Europe,Bulgaria,Europe,1992,0
Croatia,Europe,Romania,Europe,1992,0
Croatia,Europe,Russia,Asia,1992,0
Croatia,Europe,Ukraine,Europe,1992,0
Croatia,Europe,Finland,Europe,1992,0
Croatia,Europe,Sweden,Europe,1992,0
Croatia,Europe,Norway,Europe,1992,0
Croatia,Europe,Denmark,Europe,1992,0
Croatia,Europe,South Africa,Africa,1992,0
Croatia,Europe,Turkey,Asia,1992,0
Croatia,Europe,Iraq,Asia,1992,0
Croatia,Europe,Lebanon,Asia,1992,0
Croatia,Europe,Israel,Asia,1992,0
Croatia,Europe,Taiwan,Asia,1992,0
Croatia,Europe,South Korea,Asia,1992,0
Croatia,Europe,Japan,Asia,1992,0
Croatia,Europe,India,Asia,1992,0
Croatia,Europe,Pakistan,Asia,1992,0
Croatia,Europe,Thailand,Asia,1992,0
Croatia,Europe,Singapore,Asia,1992,0
Croatia,Europe,Philippines,Asia,1992,0
Croatia,Europe,Indonesia,Asia,1992,0
Croatia,Europe,Australia,Oceania,1992,0
Croatia,Europe,Cyprus,Europe,1992,0
Croatia,Europe,China,Asia,1992,0
Croatia,Europe,Ivory Coast,Africa,1992,0
Croatia,Europe,Iran,Asia,1992,0
Serbia,Europe,United States,North America,1992,3095429
Serbia,Europe,Canada,North America,1992,138022
Serbia,Europe,Mexico,North America,1992,0
Serbia,Europe,Brazil,South America,1992,0
Serbia,Europe,Argentina,South America,1992,0
Serbia,Europe,United Kingdom,Europe,1992,0
Serbia,Europe,Netherlands,Europe,1992,0
Serbia,Europe,Belgium,Europe,1992,0
Serbia,Europe,France,Europe,1992,122833
Serbia,Europe,Switzerland,Europe,1992,796
Serbia,Europe,Spain,Europe,1992,11072
Serbia,Europe,Portugal,Europe,1992,0
Serbia,Europe,Germany,Europe,1992,1309729
Serbia,Europe,Poland,Europe,1992,0
Serbia,Europe,Austria,Europe,1992,184990
Serbia,Europe,Hungary,Europe,1992,0
Serbia,Europe,Czech Republic,Europe,1992,0
Serbia,Europe,Slovakia,Europe,1992,0
Serbia,Europe,Italy,Europe,1992,0
Serbia,Europe,Croatia,Europe,1992,0
Serbia,Europe,Serbia,Europe,1992,0
Serbia,Europe,Bosnia,Europe,1992,0
Serbia,Europe,Greece,Europe,1992,233827
Serbia,Europe,Bulgaria,Europe,1992,7399
Serbia,Europe,Romania,Europe,1992,0
Serbia,Europe,Russia,Asia,1992,0
Serbia,Europe,Ukraine,Europe,1992,0
Serbia,Europe,Finland,Europe,1992,0
Serbia,Europe,Sweden,Europe,1992,89687
Serbia,Europe,Norway,Europe,1992,0
Serbia,Europe,Denmark,Europe,1992,0
Serbia,Europe,South Africa,Africa,1992,0
Serbia,Europe,Turkey,Asia,1992,0
Serbia,Europe,Iraq,Asia,1992,0
Serbia,Europe,Lebanon,Asia,1992,0
Serbia,Europe,Israel,Asia,1992,0
Serbia,Europe,Taiwan,Asia,1992,0
Serbia,Europe,South Korea,Asia,1992,0
Serbia,Europe,Japan,Asia,1992,0
Serbia,Europe,India,Asia,1992,0
Serbia,Europe,Pakistan,Asia,1992,0
Serbia,Europe,Thailand,Asia,1992,17291
Serbia,Europe,Singapore,Asia,1992,0
Serbia,Europe,Philippines,Asia,1992,0
Serbia,Europe,Indonesia,Asia,1992,0
Serbia,Europe,Australia,Oceania,1992,0
Serbia,Europe,Cyprus,Europe,1992,0
Serbia,Europe,China,Asia,1992,0
Serbia,Europe,Ivory Coast,Africa,1992,0
Serbia,Europe,Iran,Asia,1992,174630
Bosnia,Europe,United States,North America,1992,0
Bosnia,Europe,Canada,North America,1992,0
Bosnia,Europe,Mexico,North America,1992,0
Bosnia,Europe,Brazil,South America,1992,0
Bosnia,Europe,Argentina,South America,1992,0
Bosnia,Europe,United Kingdom,Europe,1992,0
Bosnia,Europe,Netherlands,Europe,1992,0
Bosnia,Europe,Belgium,Europe,1992,0
Bosnia,Europe,France,Europe,1992,0
Bosnia,Europe,Switzerland,Europe,1992,0
Bosnia,Europe,Spain,Europe,1992,0
Bosnia,Europe,Portugal,Europe,1992,0
Bosnia,Europe,Germany,Europe,1992,96194
Bosnia,Europe,Poland,Europe,1992,0
Bosnia,Europe,Austria,Europe,1992,0
Bosnia,Europe,Hungary,Europe,1992,0
Bosnia,Europe,Czech Republic,Europe,1992,0
Bosnia,Europe,Slovakia,Europe,1992,0
Bosnia,Europe,Italy,Europe,1992,0
Bosnia,Europe,Croatia,Europe,1992,0
Bosnia,Europe,Serbia,Europe,1992,0
Bosnia,Europe,Bosnia,Europe,1992,0
Bosnia,Europe,Greece,Europe,1992,0
Bosnia,Europe,Bulgaria,Europe,1992,0
Bosnia,Europe,Romania,Europe,1992,0
Bosnia,Europe,Russia,Asia,1992,0
Bosnia,Europe,Ukraine,Europe,1992,0
Bosnia,Europe,Finland,Europe,1992,0
Bosnia,Europe,Sweden,Europe,1992,0
Bosnia,Europe,Norway,Europe,1992,0
Bosnia,Europe,Denmark,Europe,1992,0
Bosnia,Europe,South Africa,Africa,1992,0
Bosnia,Europe,Turkey,Asia,1992,0
Bosnia,Europe,Iraq,Asia,1992,0
Bosnia,Europe,Lebanon,Asia,1992,0
Bosnia,Europe,Israel,Asia,1992,0
Bosnia,Europe,Taiwan,Asia,1992,0
Bosnia,Europe,South Korea,Asia,1992,0
Bosnia,Europe,Japan,Asia,1992,0
Bosnia,Europe,India,Asia,1992,0
Bosnia,Europe,Pakistan,Asia,1992,0
Bosnia,Europe,Thailand,Asia,1992,0
Bosnia,Europe,Singapore,Asia,1992,0
Bosnia,Europe,Philippines,Asia,1992,0
Bosnia,Europe,Indonesia,Asia,1992,0
Bosnia,Europe,Australia,Oceania,1992,0
Bosnia,Europe,Cyprus,Europe,1992,0
Bosnia,Europe,China,Asia,1992,0
Bosnia,Europe,Ivory Coast,Africa,1992,0
Bosnia,Europe,Iran,Asia,1992,0
Greece,Europe,United States,North America,1992,36262
Greece,Europe,Canada,North America,1992,0
Greece,Europe,Mexico,North America,1992,0
Greece,Europe,Brazil,South America,1992,0
Greece,Europe,Argentina,South America,1992,0
Greece,Europe,United Kingdom,Europe,1992,18550
Greece,Europe,Netherlands,Europe,1992,0
Greece,Europe,Belgium,Europe,1992,49987
Greece,Europe,France,Europe,1992,0
Greece,Europe,Switzerland,Europe,1992,18701
Greece,Europe,Spain,Europe,1992,0
Greece,Europe,Portugal,Europe,1992,0
Greece,Europe,Germany,Europe,1992,22194
Greece,Europe,Poland,Europe,1992,0
Greece,Europe,Austria,Europe,1992,0
Greece,Europe,Hungary,Europe,1992,0
Greece,Europe,Czech Republic,Europe,1992,0
Greece,Europe,Slovakia,Europe,1992,0
Greece,Europe,Italy,Europe,1992,2578
Greece,Europe,Croatia,Europe,1992,0
Greece,Europe,Serbia,Europe,1992,0
Greece,Europe,Bosnia,Europe,1992,0
Greece,Europe,Greece,Europe,1992,0
Greece,Europe,Bulgaria,Europe,1992,0
Greece,Europe,Romania,Europe,1992,0
Greece,Europe,Russia,Asia,1992,0
Greece,Europe,Ukraine,Europe,1992,0
Greece,Europe,Finland,Europe,1992,89940
Greece,Europe,Sweden,Europe,1992,1781
Greece,Europe,Norway,Europe,1992,0
Greece,Europe,Denmark,Europe,1992,0
Greece,Europe,South Africa,Africa,1992,0
Greece,Europe,Turkey,Asia,1992,0
Greece,Europe,Iraq,Asia,1992,0
Greece,Europe,Lebanon,Asia,1992,0
Greece,Europe,Israel,Asia,1992,0
Greece,Europe,Taiwan,Asia,1992,0
Greece,Europe,South Korea,Asia,1992,0
Greece,Europe,Japan,Asia,1992,0
Greece,Europe,India,Asia,1992,0
Greece,Europe,Pakistan,Asia,1992,0
Greece,Europe,Thailand,Asia,1992,0
Greece,Europe,Singapore,Asia,1992,1756
Greece,Europe,Philippines,Asia,1992,0
Greece,Europe,Indonesia,Asia,1992,0
Greece,Europe,Australia,Oceania,1992,287453
Greece,Europe,Cyprus,Europe,1992,818
Greece,Europe,China,Asia,1992,0
Greece,Europe,Ivory Coast,Africa,1992,0
Greece,Europe,Iran,Asia,1992,0
Bulgaria,Europe,United States,North America,1992,0
Bulgaria,Europe,Canada,North America,1992,0
Bulgaria,Europe,Mexico,North America,1992,0
Bulgaria,Europe,Brazil,South America,1992,0
Bulgaria,Europe,Argentina,South America,1992,0
Bulgaria,Europe,United Kingdom,Europe,1992,0
Bulgaria,Europe,Netherlands,Europe,1992,0
Bulgaria,Europe,Belgium,Europe,1992,0
Bulgaria,Europe,France,Europe,1992,0
Bulgaria,Europe,Switzerland,Europe,1992,55189
Bulgaria,Europe,Spain,Europe,1992,1713
Bulgaria,Europe,Portugal,Europe,1992,0
Bulgaria,Europe,Germany,Europe,1992,48836
Bulgaria,Europe,Poland,Europe,1992,0
Bulgaria,Europe,Austria,Europe,1992,0
Bulgaria,Europe,Hungary,Europe,1992,0
Bulgaria,Europe,Czech Republic,Europe,1992,0
Bulgaria,Europe,Slovakia,Europe,1992,0
Bulgaria,Europe,Italy,Europe,1992,0
Bulgaria,Europe,Croatia,Europe,1992,0
Bulgaria,Europe,Serbia,Europe,1992,0
Bulgaria,Europe,Bosnia,Europe,1992,0
Bulgaria,Europe,Greece,Europe,1992,0
Bulgaria,Europe,Bulgaria,Europe,1992,0
Bulgaria,Europe,Romania,Europe,1992,0
Bulgaria,Europe,Russia,Asia,1992,0
Bulgaria,Europe,Ukraine,Europe,1992,0
Bulgaria,Europe,Finland,Europe,1992,0
Bulgaria,Europe,Sweden,Europe,1992,0
Bulgaria,Europe,Norway,Europe,1992,0
Bulgaria,Europe,Denmark,Europe,1992,0
Bulgaria,Europe,South Africa,Africa,1992,0
Bulgaria,Europe,Turkey,Asia,1992,0
Bulgaria,Europe,Iraq,Asia,1992,0
Bulgaria,Europe,Lebanon,Asia,1992,0
Bulgaria,Europe,Israel,Asia,1992,0
Bulgaria,Europe,Taiwan,Asia,1992,0
Bulgaria,Europe,South Korea,Asia,1992,0
Bulgaria,Europe,Japan,Asia,1992,0
Bulgaria,Europe,India,Asia,1992,0
Bulgaria,Europe,Pakistan,Asia,1992,0
Bulgaria,Europe,Thailand,Asia,1992,0
Bulgaria,Europe,Singapore,Asia,1992,0
Bulgaria,Europe,Philippines,Asia,1992,0
Bulgaria,Europe,Indonesia,Asia,1992,0
Bulgaria,Europe,Australia,Oceania,1992,0
Bulgaria,Europe,Cyprus,Europe,1992,0
Bulgaria,Europe,China,Asia,1992,0
Bulgaria,Europe,Ivory Coast,Africa,1992,0
Bulgaria,Europe,Iran,Asia,1992,0
Romania,Europe,United States,North America,1992,0
Romania,Europe,Canada,North America,1992,0
Romania,Europe,Mexico,North America,1992,0
Romania,Europe,Brazil,South America,1992,0
Romania,Europe,Argentina,South America,1992,0
Romania,Europe,United Kingdom,Europe,1992,0
Romania,Europe,Netherlands,Europe,1992,0
Romania,Europe,Belgium,Europe,1992,0
Romania,Europe,France,Europe,1992,0
Romania,Europe,Switzerland,Europe,1992,0
Romania,Europe,Spain,Europe,1992,0
Romania,Europe,Portugal,Europe,1992,0
Romania,Europe,Germany,Europe,1992,153909
Romania,Europe,Poland,Europe,1992,0
Romania,Europe,Austria,Europe,1992,0
Romania,Europe,Hungary,Europe,1992,0
Romania,Europe,Czech Republic,Europe,1992,0
Romania,Europe,Slovakia,Europe,1992,0
Romania,Europe,Italy,Europe,1992,0
Romania,Europe,Croatia,Europe,1992,0
Romania,Europe,Serbia,Europe,1992,0
Romania,Europe,Bosnia,Europe,1992,0
Romania,Europe,Greece,Europe,1992,0
Romania,Europe,Bulgaria,Europe,1992,0
Romania,Europe,Romania,Europe,1992,0
Romania,Europe,Russia,Asia,1992,0
Romania,Europe,Ukraine,Europe,1992,0
Romania,Europe,Finland,Europe,1992,0
Romania,Europe,Sweden,Europe,1992,0
Romania,Europe,Norway,Europe,1992,0
Romania,Europe,Denmark,Europe,1992,0
Romania,Europe,South Africa,Africa,1992,0
Romania,Europe,Turkey,Asia,1992,0
Romania,Europe,Iraq,Asia,1992,0
Romania,Europe,Lebanon,Asia,1992,0
Romania,Europe,Israel,Asia,1992,0
Romania,Europe,Taiwan,Asia,1992,0
Romania,Europe,South Korea,Asia,1992,0
Romania,Europe,Japan,Asia,1992,0
Romania,Europe,India,Asia,1992,0
Romania,Europe,Pakistan,Asia,1992,0
Romania,Europe,Thailand,Asia,1992,0
Romania,Europe,Singapore,Asia,1992,0
Romania,Europe,Philippines,Asia,1992,0
Romania,Europe,Indonesia,Asia,1992,0
Romania,Europe,Australia,Oceania,1992,0
Romania,Europe,Cyprus,Europe,1992,0
Romania,Europe,China,Asia,1992,0
Romania,Europe,Ivory Coast,Africa,1992,0
Romania,Europe,Iran,Asia,1992,0
Russia,Asia,United States,North America,1992,39660
Russia,Asia,Canada,North America,1992,519261
Russia,Asia,Mexico,North America,1992,0
Russia,Asia,Brazil,South America,1992,0
Russia,Asia,Argentina,South America,1992,0
Russia,Asia,United Kingdom,Europe,1992,0
Russia,Asia,Netherlands,Europe,1992,0
Russia,Asia,Belgium,Europe,1992,0
Russia,Asia,France,Europe,1992,0
Russia,Asia,Switzerland,Europe,1992,0
Russia,Asia,Spain,Europe,1992,0
Russia,Asia,Portugal,Europe,1992,72783
Russia,Asia,Germany,Europe,1992,1124737
Russia,Asia,Poland,Europe,1992,0
Russia,Asia,Austria,Europe,1992,0
Russia,Asia,Hungary,Europe,1992,0
Russia,Asia,Czech Republic,Europe,1992,0
Russia,Asia,Slovakia,Europe,1992,0
Russia,Asia,Italy,Europe,1992,0
Russia,Asia,Croatia,Europe,1992,3511
Russia,Asia,Serbia,Europe,1992,0
Russia,Asia,Bosnia,Europe,1992,0
Russia,Asia,Greece,Europe,1992,1792011
Russia,Asia,Bulgaria,Europe,1992,0
Russia,Asia,Romania,Europe,1992,0
Russia,Asia,Russia,Asia,1992,0
Russia,Asia,Ukraine,Europe,1992,0
Russia,Asia,Finland,Europe,1992,2958270
Russia,Asia,Sweden,Europe,1992,255068
Russia,Asia,Norway,Europe,1992,0
Russia,Asia,Denmark,Europe,1992,44920
Russia,Asia,South Africa,Africa,1992,0
Russia,Asia,Turkey,Asia,1992,97762
Russia,Asia,Iraq,Asia,1992,0
Russia,Asia,Lebanon,Asia,1992,0
Russia,Asia,Israel,Asia,1992,0
Russia,Asia,Taiwan,Asia,1992,0
Russia,Asia,South Korea,Asia,1992,0
Russia,Asia,Japan,Asia,1992,0
Russia,Asia,India,Asia,1992,0
Russia,Asia,Pakistan,Asia,1992,0
Russia,Asia,Thailand,Asia,1992,9631
Russia,Asia,Singapore,Asia,1992,0
Russia,Asia,Philippines,Asia,1992,0
Russia,Asia,Indonesia,Asia,1992,0
Russia,Asia,Australia,Oceania,1992,157433
Russia,Asia,Cyprus,Europe,1992,3166869
Russia,Asia,China,Asia,1992,0
Russia,Asia,Ivory Coast,Africa,1992,0
Russia,Asia,Iran,Asia,1992,0
Ukraine,Europe,United States,North America,1992,0
Ukraine,Europe,Canada,North America,1992,0
Ukraine,Europe,Mexico,North America,1992,0
Ukraine,Europe,Brazil,South America,1992,0
Ukraine,Europe,Argentina,South America,1992,0
Ukraine,Europe,United Kingdom,Europe,1992,0
Ukraine,Europe,Netherlands,Europe,1992,0
Ukraine,Europe,Belgium,Europe,1992,0
Ukraine,Europe,France,Europe,1992,0
Ukraine,Europe,Switzerland,Europe,1992,0
Ukraine,Europe,Spain,Europe,1992,0
Ukraine,Europe,Portugal,Europe,1992,0
Ukraine,Europe,Germany,Europe,1992,0
Ukraine,Europe,Poland,Europe,1992,0
Ukraine,Europe,Austria,Europe,1992,0
Ukraine,Europe,Hungary,Europe,1992,0
Ukraine,Europe,Czech Republic,Europe,1992,0
Ukraine,Europe,Slovakia,Europe,1992,0
Ukraine,Europe,Italy,Europe,1992,0
Ukraine,Europe,Croatia,Europe,1992,0
Ukraine,Europe,Serbia,Europe,1992,0
Ukraine,Europe,Bosnia,Europe,1992,0
Ukraine,Europe,Greece,Europe,1992,0
Ukraine,Europe,Bulgaria,Europe,1992,0
Ukraine,Europe,Romania,Europe,1992,0
Ukraine,Europe,Russia,Asia,1992,0
Ukraine,Europe,Ukraine,Europe,1992,0
Ukraine,Europe,Finland,Europe,1992,0
Ukraine,Europe,Sweden,Europe,1992,0
Ukraine,Europe,Norway,Europe,1992,0
Ukraine,Europe,Denmark,Europe,1992,0
Ukraine,Europe,South Africa,Africa,1992,0
Ukraine,Europe,Turkey,Asia,1992,0
Ukraine,Europe,Iraq,Asia,1992,0
Ukraine,Europe,Lebanon,Asia,1992,0
Ukraine,Europe,Israel,Asia,1992,0
Ukraine,Europe,Taiwan,Asia,1992,0
Ukraine,Europe,South Korea,Asia,1992,0
Ukraine,Europe,Japan,Asia,1992,0
Ukraine,Europe,India,Asia,1992,0
Ukraine,Europe,Pakistan,Asia,1992,0
Ukraine,Europe,Thailand,Asia,1992,0
Ukraine,Europe,Singapore,Asia,1992,0
Ukraine,Europe,Philippines,Asia,1992,0
Ukraine,Europe,Indonesia,Asia,1992,0
Ukraine,Europe,Australia,Oceania,1992,0
Ukraine,Europe,Cyprus,Europe,1992,0
Ukraine,Europe,China,Asia,1992,0
Ukraine,Europe,Ivory Coast,Africa,1992,0
Ukraine,Europe,Iran,Asia,1992,0
Finland,Europe,United States,North America,1992,2171718
Finland,Europe,Canada,North America,1992,597148
Finland,Europe,Mexico,North America,1992,123417
Finland,Europe,Brazil,South America,1992,586369
Finland,Europe,Argentina,South America,1992,0
Finland,Europe,United Kingdom,Europe,1992,532971
Finland,Europe,Netherlands,Europe,1992,233060
Finland,Europe,Belgium,Europe,1992,136819
Finland,Europe,France,Europe,1992,971357
Finland,Europe,Switzerland,Europe,1992,457982
Finland,Europe,Spain,Europe,1992,1055901
Finland,Europe,Portugal,Europe,1992,74003
Finland,Europe,Germany,Europe,1992,2105852
Finland,Europe,Poland,Europe,1992,165812
Finland,Europe,Austria,Europe,1992,297335
Finland,Europe,Hungary,Europe,1992,247938
Finland,Europe,Czech Republic,Europe,1992,29323
Finland,Europe,Slovakia,Europe,1992,0
Finland,Europe,Italy,Europe,1992,809324
Finland,Europe,Croatia,Europe,1992,0
Finland,Europe,Serbia,Europe,1992,0
Finland,Europe,Bosnia,Europe,1992,0
Finland,Europe,Greece,Europe,1992,33951
Finland,Europe,Bulgaria,Europe,1992,111938
Finland,Europe,Romania,Europe,1992,0
Finland,Europe,Russia,Asia,1992,460785
Finland,Europe,Ukraine,Europe,1992,0
Finland,Europe,Finland,Europe,1992,0
Finland,Europe,Sweden,Europe,1992,3175979
Finland,Europe,Norway,Europe,1992,1400377
Finland,Europe,Denmark,Europe,1992,2625278
Finland,Europe,South Africa,Africa,1992,81058
Finland,Europe,Turkey,Asia,1992,63224
Finland,Europe,Iraq,Asia,1992,0
Finland,Europe,Lebanon,Asia,1992,0
Finland,Europe,Israel,Asia,1992,0
Finland,Europe,Taiwan,Asia,1992,0
Finland,Europe,South Korea,Asia,1992,172658
Finland,Europe,Japan,Asia,1992,392922
Finland,Europe,India,Asia,1992,130600
Finland,Europe,Pakistan,Asia,1992,0
Finland,Europe,Thailand,Asia,1992,29420
Finland,Europe,Singapore,Asia,1992,245204
Finland,Europe,Philippines,Asia,1992,0
Finland,Europe,Indonesia,Asia,1992,0
Finland,Europe,Australia,Oceania,1992,1144282
Finland,Europe,Cyprus,Europe,1992,0
Finland,Europe,China,Asia,1992,36136
Finland,Europe,Ivory Coast,Africa,1992,0
Finland,Europe,Iran,Asia,1992,0
Sweden,Europe,United States,North America,1992,3738140
Sweden,Europe,Canada,North America,1992,473394
Sweden,Europe,Mexico,North America,1992,0
Sweden,Europe,Brazil,South America,1992,0
Sweden,Europe,Argentina,South America,1992,0
Sweden,Europe,United Kingdom,Europe,1992,250222
Sweden,Europe,Netherlands,Europe,1992,96618
Sweden,Europe,Belgium,Europe,1992,39666
Sweden,Europe,France,Europe,1992,35600
Sweden,Europe,Switzerland,Europe,1992,237586
Sweden,Europe,Spain,Europe,1992,774628
Sweden,Europe,Portugal,Europe,1992,8798
Sweden,Europe,Germany,Europe,1992,8527302
Sweden,Europe,Poland,Europe,1992,5082
Sweden,Europe,Austria,Europe,1992,137826
Sweden,Europe,Hungary,Europe,1992,3556
Sweden,Europe,Czech Republic,Europe,1992,0
Sweden,Europe,Slovakia,Europe,1992,0
Sweden,Europe,Italy,Europe,1992,267008
Sweden,Europe,Croatia,Europe,1992,0
Sweden,Europe,Serbia,Europe,1992,0
Sweden,Europe,Bosnia,Europe,1992,0
Sweden,Europe,Greece,Europe,1992,3050
Sweden,Europe,Bulgaria,Europe,1992,0
Sweden,Europe,Romania,Europe,1992,0
Sweden,Europe,Russia,Asia,1992,6608
Sweden,Europe,Ukraine,Europe,1992,0
Sweden,Europe,Finland,Europe,1992,1004798
Sweden,Europe,Sweden,Europe,1992,0
Sweden,Europe,Norway,Europe,1992,1874674
Sweden,Europe,Denmark,Europe,1992,3213552
Sweden,Europe,South Africa,Africa,1992,0
Sweden,Europe,Turkey,Asia,1992,0
Sweden,Europe,Iraq,Asia,1992,0
Sweden,Europe,Lebanon,Asia,1992,0
Sweden,Europe,Israel,Asia,1992,0
Sweden,Europe,Taiwan,Asia,1992,0
Sweden,Europe,South Korea,Asia,1992,2000
Sweden,Europe,Japan,Asia,1992,1812262
Sweden,Europe,India,Asia,1992,0
Sweden,Europe,Pakistan,Asia,1992,0
Sweden,Europe,Thailand,Asia,1992,0
Sweden,Europe,Singapore,Asia,1992,0
Sweden,Europe,Philippines,Asia,1992,0
Sweden,Europe,Indonesia,Asia,1992,0
Sweden,Europe,Australia,Oceania,1992,2229224
Sweden,Europe,Cyprus,Europe,1992,4066
Sweden,Europe,China,Asia,1992,0
Sweden,Europe,Ivory Coast,Africa,1992,0
Sweden,Europe,Iran,Asia,1992,0
Norway,Europe,United States,North America,1992,146296
Norway,Europe,Canada,North America,1992,0
Norway,Europe,Mexico,North America,1992,0
Norway,Europe,Brazil,South America,1992,0
Norway,Europe,Argentina,South America,1992,0
Norway,Europe,United Kingdom,Europe,1992,0
Norway,Europe,Netherlands,Europe,1992,24098
Norway,Europe,Belgium,Europe,1992,0
Norway,Europe,France,Europe,1992,0
Norway,Europe,Switzerland,Europe,1992,250282
Norway,Europe,Spain,Europe,1992,9532
Norway,Europe,Portugal,Europe,1992,0
Norway,Europe,Germany,Europe,1992,742918
Norway,Europe,Poland,Europe,1992,0
Norway,Europe,Austria,Europe,1992,0
Norway,Europe,Hungary,Europe,1992,0
Norway,Europe,Czech Republic,Europe,1992,0
Norway,Europe,Slovakia,Europe,1992,0
Norway,Europe,Italy,Europe,1992,0
Norway,Europe,Croatia,Europe,1992,0
Norway,Europe,Serbia,Europe,1992,0
Norway,Europe,Bosnia,Europe,1992,0
Norway,Europe,Greece,Europe,1992,0
Norway,Europe,Bulgaria,Europe,1992,0
Norway,Europe,Romania,Europe,1992,0
Norway,Europe,Russia,Asia,1992,0
Norway,Europe,Ukraine,Europe,1992,0
Norway,Europe,Finland,Europe,1992,10672
Norway,Europe,Sweden,Europe,1992,64142
Norway,Europe,Norway,Europe,1992,0
Norway,Europe,Denmark,Europe,1992,73268
Norway,Europe,South Africa,Africa,1992,0
Norway,Europe,Turkey,Asia,1992,0
Norway,Europe,Iraq,Asia,1992,0
Norway,Europe,Lebanon,Asia,1992,0
Norway,Europe,Israel,Asia,1992,0
Norway,Europe,Taiwan,Asia,1992,0
Norway,Europe,South Korea,Asia,1992,0
Norway,Europe,Japan,Asia,1992,0
Norway,Europe,India,Asia,1992,0
Norway,Europe,Pakistan,Asia,1992,0
Norway,Europe,Thailand,Asia,1992,0
Norway,Europe,Singapore,Asia,1992,0
Norway,Europe,Philippines,Asia,1992,0
Norway,Europe,Indonesia,Asia,1992,0
Norway,Europe,Australia,Oceania,1992,16378
Norway,Europe,Cyprus,Europe,1992,0
Norway,Europe,China,Asia,1992,0
Norway,Europe,Ivory Coast,Africa,1992,0
Norway,Europe,Iran,Asia,1992,0
Denmark,Europe,United States,North America,1992,717200
Denmark,Europe,Canada,North America,1992,656238
Denmark,Europe,Mexico,North America,1992,0
Denmark,Europe,Brazil,South America,1992,180736
Denmark,Europe,Argentina,South America,1992,0
Denmark,Europe,United Kingdom,Europe,1992,418980
Denmark,Europe,Netherlands,Europe,1992,3252
Denmark,Europe,Belgium,Europe,1992,54712
Denmark,Europe,France,Europe,1992,120860
Denmark,Europe,Switzerland,Europe,1992,332112
Denmark,Europe,Spain,Europe,1992,79962
Denmark,Europe,Portugal,Europe,1992,12748
Denmark,Europe,Germany,Europe,1992,408456
Denmark,Europe,Poland,Europe,1992,0
Denmark,Europe,Austria,Europe,1992,0
Denmark,Europe,Hungary,Europe,1992,81602
Denmark,Europe,Czech Republic,Europe,1992,0
Denmark,Europe,Slovakia,Europe,1992,0
Denmark,Europe,Italy,Europe,1992,0
Denmark,Europe,Croatia,Europe,1992,0
Denmark,Europe,Serbia,Europe,1992,0
Denmark,Europe,Bosnia,Europe,1992,0
Denmark,Europe,Greece,Europe,1992,0
Denmark,Europe,Bulgaria,Europe,1992,0
Denmark,Europe,Romania,Europe,1992,0
Denmark,Europe,Russia,Asia,1992,0
Denmark,Europe,Ukraine,Europe,1992,0
Denmark,Europe,Finland,Europe,1992,483132
Denmark,Europe,Sweden,Europe,1992,2151520
Denmark,Europe,Norway,Europe,1992,775064
Denmark,Europe,Denmark,Europe,1992,0
Denmark,Europe,South Africa,Africa,1992,10824
Denmark,Europe,Turkey,Asia,1992,0
Denmark,Europe,Iraq,Asia,1992,0
Denmark,Europe,Lebanon,Asia,1992,0
Denmark,Europe,Israel,Asia,1992,0
Denmark,Europe,Taiwan,Asia,1992,0
Denmark,Europe,South Korea,Asia,1992,0
Denmark,Europe,Japan,Asia,1992,1645734
Denmark,Europe,India,Asia,1992,0
Denmark,Europe,Pakistan,Asia,1992,0
Denmark,Europe,Thailand,Asia,1992,79160
Denmark,Europe,Singapore,Asia,1992,0
Denmark,Europe,Philippines,Asia,1992,0
Denmark,Europe,Indonesia,Asia,1992,0
Denmark,Europe,Australia,Oceania,1992,2822326
Denmark,Europe,Cyprus,Europe,1992,0
Denmark,Europe,China,Asia,1992,0
Denmark,Europe,Ivory Coast,Africa,1992,0
Denmark,Europe,Iran,Asia,1992,0
South Africa,Africa,United States,North America,1992,4590
South Africa,Africa,Canada,North America,1992,0
South Africa,Africa,Mexico,North America,1992,0
South Africa,Africa,Brazil,South America,1992,0
South Africa,Africa,Argentina,South America,1992,0
South Africa,Africa,United Kingdom,Europe,1992,0
South Africa,Africa,Netherlands,Europe,1992,4152
South Africa,Africa,Belgium,Europe,1992,0
South Africa,Africa,France,Europe,1992,0
South Africa,Africa,Switzerland,Europe,1992,5522
South Africa,Africa,Spain,Europe,1992,0
South Africa,Africa,Portugal,Europe,1992,0
South Africa,Africa,Germany,Europe,1992,8876
South Africa,Africa,Poland,Europe,1992,0
South Africa,Africa,Austria,Europe,1992,0
South Africa,Africa,Hungary,Europe,1992,0
South Africa,Africa,Czech Republic,Europe,1992,0
South Africa,Africa,Slovakia,Europe,1992,0
South Africa,Africa,Italy,Europe,1992,0
South Africa,Africa,Croatia,Europe,1992,0
South Africa,Africa,Serbia,Europe,1992,0
South Africa,Africa,Bosnia,Europe,1992,0
South Africa,Africa,Greece,Europe,1992,0
South Africa,Africa,Bulgaria,Europe,1992,0
South Africa,Africa,Romania,Europe,1992,0
South Africa,Africa,Russia,Asia,1992,0
South Africa,Africa,Ukraine,Europe,1992,0
South Africa,Africa,Finland,Europe,1992,0
South Africa,Africa,Sweden,Europe,1992,0
South Africa,Africa,Norway,Europe,1992,0
South Africa,Africa,Denmark,Europe,1992,0
South Africa,Africa,South Africa,Africa,1992,0
South Africa,Africa,Turkey,Asia,1992,92008
South Africa,Africa,Iraq,Asia,1992,0
South Africa,Africa,Lebanon,Asia,1992,0
South Africa,Africa,Israel,Asia,1992,0
South Africa,Africa,Taiwan,Asia,1992,0
South Africa,Africa,South Korea,Asia,1992,0
South Africa,Africa,Japan,Asia,1992,0
South Africa,Africa,India,Asia,1992,0
South Africa,Africa,Pakistan,Asia,1992,0
South Africa,Africa,Thailand,Asia,1992,38154
South Africa,Africa,Singapore,Asia,1992,0
South Africa,Africa,Philippines,Asia,1992,0
South Africa,Africa,Indonesia,Asia,1992,0
South Africa,Africa,Australia,Oceania,1992,0
South Africa,Africa,Cyprus,Europe,1992,2948
South Africa,Africa,China,Asia,1992,0
South Africa,Africa,Ivory Coast,Africa,1992,0
South Africa,Africa,Iran,Asia,1992,0
Turkey,Asia,United States,North America,1992,686454
Turkey,Asia,Canada,North America,1992,221988
Turkey,Asia,Mexico,North America,1992,0
Turkey,Asia,Brazil,South America,1992,0
Turkey,Asia,Argentina,South America,1992,0
Turkey,Asia,United Kingdom,Europe,1992,0
Turkey,Asia,Netherlands,Europe,1992,0
Turkey,Asia,Belgium,Europe,1992,0
Turkey,Asia,France,Europe,1992,0
Turkey,Asia,Switzerland,Europe,1992,42022
Turkey,Asia,Spain,Europe,1992,0
Turkey,Asia,Portugal,Europe,1992,0
Turkey,Asia,Germany,Europe,1992,11836
Turkey,Asia,Poland,Europe,1992,0
Turkey,Asia,Austria,Europe,1992,0
Turkey,Asia,Hungary,Europe,1992,0
Turkey,Asia,Czech Republic,Europe,1992,0
Turkey,Asia,Slovakia,Europe,1992,0
Turkey,Asia,Italy,Europe,1992,0
Turkey,Asia,Croatia,Europe,1992,0
Turkey,Asia,Serbia,Europe,1992,0
Turkey,Asia,Bosnia,Europe,1992,0
Turkey,Asia,Greece,Europe,1992,156476
Turkey,Asia,Bulgaria,Europe,1992,0
Turkey,Asia,Romania,Europe,1992,0
Turkey,Asia,Russia,Asia,1992,0
Turkey,Asia,Ukraine,Europe,1992,0
Turkey,Asia,Finland,Europe,1992,1988
Turkey,Asia,Sweden,Europe,1992,8820
Turkey,Asia,Norway,Europe,1992,6668524
Turkey,Asia,Denmark,Europe,1992,5986
Turkey,Asia,South Africa,Africa,1992,0
Turkey,Asia,Turkey,Asia,1992,0
Turkey,Asia,Iraq,Asia,1992,0
Turkey,Asia,Lebanon,Asia,1992,42324
Turkey,Asia,Israel,Asia,1992,0
Turkey,Asia,Taiwan,Asia,1992,0
Turkey,Asia,South Korea,Asia,1992,0
Turkey,Asia,Japan,Asia,1992,0
Turkey,Asia,India,Asia,1992,0
Turkey,Asia,Pakistan,Asia,1992,0
Turkey,Asia,Thailand,Asia,1992,0
Turkey,Asia,Singapore,Asia,1992,0
Turkey,Asia,Philippines,Asia,1992,0
Turkey,Asia,Indonesia,Asia,1992,0
Turkey,Asia,Australia,Oceania,1992,0
Turkey,Asia,Cyprus,Europe,1992,234232
Turkey,Asia,China,Asia,1992,0
Turkey,Asia,Ivory Coast,Africa,1992,0
Turkey,Asia,Iran,Asia,1992,0
Iraq,Asia,United States,North America,1992,0
Iraq,Asia,Canada,North America,1992,0
Iraq,Asia,Mexico,North America,1992,0
Iraq,Asia,Brazil,South America,1992,0
Iraq,Asia,Argentina,South America,1992,0
Iraq,Asia,United Kingdom,Europe,1992,0
Iraq,Asia,Netherlands,Europe,1992,0
Iraq,Asia,Belgium,Europe,1992,0
Iraq,Asia,France,Europe,1992,0
Iraq,Asia,Switzerland,Europe,1992,0
Iraq,Asia,Spain,Europe,1992,0
Iraq,Asia,Portugal,Europe,1992,0
Iraq,Asia,Germany,Europe,1992,0
Iraq,Asia,Poland,Europe,1992,0
Iraq,Asia,Austria,Europe,1992,0
Iraq,Asia,Hungary,Europe,1992,0
Iraq,Asia,Czech Republic,Europe,1992,0
Iraq,Asia,Slovakia,Europe,1992,0
Iraq,Asia,Italy,Europe,1992,0
Iraq,Asia,Croatia,Europe,1992,0
Iraq,Asia,Serbia,Europe,1992,0
Iraq,Asia,Bosnia,Europe,1992,0
Iraq,Asia,Greece,Europe,1992,0
Iraq,Asia,Bulgaria,Europe,1992,0
Iraq,Asia,Romania,Europe,1992,0
Iraq,Asia,Russia,Asia,1992,0
Iraq,Asia,Ukraine,Europe,1992,0
Iraq,Asia,Finland,Europe,1992,0
Iraq,Asia,Sweden,Europe,1992,0
Iraq,Asia,Norway,Europe,1992,0
Iraq,Asia,Denmark,Europe,1992,0
Iraq,Asia,South Africa,Africa,1992,0
Iraq,Asia,Turkey,Asia,1992,0
Iraq,Asia,Iraq,Asia,1992,0
Iraq,Asia,Lebanon,Asia,1992,0
Iraq,Asia,Israel,Asia,1992,0
Iraq,Asia,Taiwan,Asia,1992,0
Iraq,Asia,South Korea,Asia,1992,0
Iraq,Asia,Japan,Asia,1992,0
Iraq,Asia,India,Asia,1992,0
Iraq,Asia,Pakistan,Asia,1992,0
Iraq,Asia,Thailand,Asia,1992,0
Iraq,Asia,Singapore,Asia,1992,0
Iraq,Asia,Philippines,Asia,1992,0
Iraq,Asia,Indonesia,Asia,1992,0
Iraq,Asia,Australia,Oceania,1992,0
Iraq,Asia,Cyprus,Europe,1992,0
Iraq,Asia,China,Asia,1992,0
Iraq,Asia,Ivory Coast,Africa,1992,0
Iraq,Asia,Iran,Asia,1992,0
Lebanon,Asia,United States,North America,1992,0
Lebanon,Asia,Canada,North America,1992,0
Lebanon,Asia,Mexico,North America,1992,0
Lebanon,Asia,Brazil,South America,1992,0
Lebanon,Asia,Argentina,South America,1992,0
Lebanon,Asia,United Kingdom,Europe,1992,0
Lebanon,Asia,Netherlands,Europe,1992,0
Lebanon,Asia,Belgium,Europe,1992,0
Lebanon,Asia,France,Europe,1992,0
Lebanon,Asia,Switzerland,Europe,1992,0
Lebanon,Asia,Spain,Europe,1992,0
Lebanon,Asia,Portugal,Europe,1992,0
Lebanon,Asia,Germany,Europe,1992,0
Lebanon,Asia,Poland,Europe,1992,0
Lebanon,Asia,Austria,Europe,1992,0
Lebanon,Asia,Hungary,Europe,1992,0
Lebanon,Asia,Czech Republic,Europe,1992,0
Lebanon,Asia,Slovakia,Europe,1992,0
Lebanon,Asia,Italy,Europe,1992,0
Lebanon,Asia,Croatia,Europe,1992,118392
Lebanon,Asia,Serbia,Europe,1992,0
Lebanon,Asia,Bosnia,Europe,1992,0
Lebanon,Asia,Greece,Europe,1992,0
Lebanon,Asia,Bulgaria,Europe,1992,0
Lebanon,Asia,Romania,Europe,1992,0
Lebanon,Asia,Russia,Asia,1992,0
Lebanon,Asia,Ukraine,Europe,1992,0
Lebanon,Asia,Finland,Europe,1992,0
Lebanon,Asia,Sweden,Europe,1992,0
Lebanon,Asia,Norway,Europe,1992,0
Lebanon,Asia,Denmark,Europe,1992,0
Lebanon,Asia,South Africa,Africa,1992,0
Lebanon,Asia,Turkey,Asia,1992,0
Lebanon,Asia,Iraq,Asia,1992,0
Lebanon,Asia,Lebanon,Asia,1992,0
Lebanon,Asia,Israel,Asia,1992,0
Lebanon,Asia,Taiwan,Asia,1992,0
Lebanon,Asia,South Korea,Asia,1992,0
Lebanon,Asia,Japan,Asia,1992,0
Lebanon,Asia,India,Asia,1992,0
Lebanon,Asia,Pakistan,Asia,1992,0
Lebanon,Asia,Thailand,Asia,1992,0
Lebanon,Asia,Singapore,Asia,1992,0
Lebanon,Asia,Philippines,Asia,1992,0
Lebanon,Asia,Indonesia,Asia,1992,0
Lebanon,Asia,Australia,Oceania,1992,0
Lebanon,Asia,Cyprus,Europe,1992,0
Lebanon,Asia,China,Asia,1992,0
Lebanon,Asia,Ivory Coast,Africa,1992,0
Lebanon,Asia,Iran,Asia,1992,0
Israel,Asia,United States,North America,1992,20416864
Israel,Asia,Canada,North America,1992,472228
Israel,Asia,Mexico,North America,1992,0
Israel,Asia,Brazil,South America,1992,0
Israel,Asia,Argentina,South America,1992,0
Israel,Asia,United Kingdom,Europe,1992,0
Israel,Asia,Netherlands,Europe,1992,0
Israel,Asia,Belgium,Europe,1992,0
Israel,Asia,France,Europe,1992,0
Israel,Asia,Switzerland,Europe,1992,110902
Israel,Asia,Spain,Europe,1992,44160
Israel,Asia,Portugal,Europe,1992,2060
Israel,Asia,Germany,Europe,1992,544608
Israel,Asia,Poland,Europe,1992,0
Israel,Asia,Austria,Europe,1992,0
Israel,Asia,Hungary,Europe,1992,0
Israel,Asia,Czech Republic,Europe,1992,0
Israel,Asia,Slovakia,Europe,1992,0
Israel,Asia,Italy,Europe,1992,0
Israel,Asia,Croatia,Europe,1992,0
Israel,Asia,Serbia,Europe,1992,0
Israel,Asia,Bosnia,Europe,1992,0
Israel,Asia,Greece,Europe,1992,0
Israel,Asia,Bulgaria,Europe,1992,0
Israel,Asia,Romania,Europe,1992,0
Israel,Asia,Russia,Asia,1992,0
Israel,Asia,Ukraine,Europe,1992,0
Israel,Asia,Finland,Europe,1992,51084
Israel,Asia,Sweden,Europe,1992,44800
Israel,Asia,Norway,Europe,1992,0
Israel,Asia,Denmark,Europe,1992,3117398
Israel,Asia,South Africa,Africa,1992,0
Israel,Asia,Turkey,Asia,1992,0
Israel,Asia,Iraq,Asia,1992,0
Israel,Asia,Lebanon,Asia,1992,0
Israel,Asia,Israel,Asia,1992,0
Israel,Asia,Taiwan,Asia,1992,0
Israel,Asia,South Korea,Asia,1992,0
Israel,Asia,Japan,Asia,1992,0
Israel,Asia,India,Asia,1992,0
Israel,Asia,Pakistan,Asia,1992,0
Israel,Asia,Thailand,Asia,1992,118352
Israel,Asia,Singapore,Asia,1992,0
Israel,Asia,Philippines,Asia,1992,0
Israel,Asia,Indonesia,Asia,1992,0
Israel,Asia,Australia,Oceania,1992,4036250
Israel,Asia,Cyprus,Europe,1992,0
Israel,Asia,China,Asia,1992,0
Israel,Asia,Ivory Coast,Africa,1992,0
Israel,Asia,Iran,Asia,1992,0
Taiwan,Asia,United States,North America,1992,174052
Taiwan,Asia,Canada,North America,1992,0
Taiwan,Asia,Mexico,North America,1992,0
Taiwan,Asia,Brazil,South America,1992,0
Taiwan,Asia,Argentina,South America,1992,0
Taiwan,Asia,United Kingdom,Europe,1992,0
Taiwan,Asia,Netherlands,Europe,1992,0
Taiwan,Asia,Belgium,Europe,1992,0
Taiwan,Asia,France,Europe,1992,0
Taiwan,Asia,Switzerland,Europe,1992,0
Taiwan,Asia,Spain,Europe,1992,25222
Taiwan,Asia,Portugal,Europe,1992,0
Taiwan,Asia,Germany,Europe,1992,35516
Taiwan,Asia,Poland,Europe,1992,0
Taiwan,Asia,Austria,Europe,1992,0
Taiwan,Asia,Hungary,Europe,1992,0
Taiwan,Asia,Czech Republic,Europe,1992,0
Taiwan,Asia,Slovakia,Europe,1992,0
Taiwan,Asia,Italy,Europe,1992,0
Taiwan,Asia,Croatia,Europe,1992,0
Taiwan,Asia,Serbia,Europe,1992,0
Taiwan,Asia,Bosnia,Europe,1992,0
Taiwan,Asia,Greece,Europe,1992,0
Taiwan,Asia,Bulgaria,Europe,1992,0
Taiwan,Asia,Romania,Europe,1992,0
Taiwan,Asia,Russia,Asia,1992,0
Taiwan,Asia,Ukraine,Europe,1992,0
Taiwan,Asia,Finland,Europe,1992,0
Taiwan,Asia,Sweden,Europe,1992,0
Taiwan,Asia,Norway,Europe,1992,0
Taiwan,Asia,Denmark,Europe,1992,0
Taiwan,Asia,South Africa,Africa,1992,0
Taiwan,Asia,Turkey,Asia,1992,0
Taiwan,Asia,Iraq,Asia,1992,0
Taiwan,Asia,Lebanon,Asia,1992,0
Taiwan,Asia,Israel,Asia,1992,0
Taiwan,Asia,Taiwan,Asia,1992,0
Taiwan,Asia,South Korea,Asia,1992,0
Taiwan,Asia,Japan,Asia,1992,0
Taiwan,Asia,India,Asia,1992,0
Taiwan,Asia,Pakistan,Asia,1992,0
Taiwan,Asia,Thailand,Asia,1992,0
Taiwan,Asia,Singapore,Asia,1992,0
Taiwan,Asia,Philippines,Asia,1992,0
Taiwan,Asia,Indonesia,Asia,1992,12040
Taiwan,Asia,Australia,Oceania,1992,0
Taiwan,Asia,Cyprus,Europe,1992,99056
Taiwan,Asia,China,Asia,1992,0
Taiwan,Asia,Ivory Coast,Africa,1992,0
Taiwan,Asia,Iran,Asia,1992,0
South Korea,Asia,United States,North America,1992,28080190
South Korea,Asia,Canada,North America,1992,30340
South Korea,Asia,Mexico,North America,1992,0
South Korea,Asia,Brazil,South America,1992,0
South Korea,Asia,Argentina,South America,1992,0
South Korea,Asia,United Kingdom,Europe,1992,0
South Korea,Asia,Netherlands,Europe,1992,0
South Korea,Asia,Belgium,Europe,1992,0
South Korea,Asia,France,Europe,1992,0
South Korea,Asia,Switzerland,Europe,1992,0
South Korea,Asia,Spain,Europe,1992,123756
South Korea,Asia,Portugal,Europe,1992,0
South Korea,Asia,Germany,Europe,1992,139112
South Korea,Asia,Poland,Europe,1992,0
South Korea,Asia,Austria,Europe,1992,82874
South Korea,Asia,Hungary,Europe,1992,0
South Korea,Asia,Czech Republic,Europe,1992,0
South Korea,Asia,Slovakia,Europe,1992,0
South Korea,Asia,Italy,Europe,1992,3548
South Korea,Asia,Croatia,Europe,1992,0
South Korea,Asia,Serbia,Europe,1992,75864
South Korea,Asia,Bosnia,Europe,1992,0
South Korea,Asia,Greece,Europe,1992,0
South Korea,Asia,Bulgaria,Europe,1992,0
South Korea,Asia,Romania,Europe,1992,0
South Korea,Asia,Russia,Asia,1992,0
South Korea,Asia,Ukraine,Europe,1992,0
South Korea,Asia,Finland,Europe,1992,0
South Korea,Asia,Sweden,Europe,1992,7656
South Korea,Asia,Norway,Europe,1992,0
South Korea,Asia,Denmark,Europe,1992,0
South Korea,Asia,South Africa,Africa,1992,0
South Korea,Asia,Turkey,Asia,1992,0
South Korea,Asia,Iraq,Asia,1992,0
South Korea,Asia,Lebanon,Asia,1992,0
South Korea,Asia,Israel,Asia,1992,0
South Korea,Asia,Taiwan,Asia,1992,566900
South Korea,Asia,South Korea,Asia,1992,0
South Korea,Asia,Japan,Asia,1992,103078
South Korea,Asia,India,Asia,1992,0
South Korea,Asia,Pakistan,Asia,1992,0
South Korea,Asia,Thailand,Asia,1992,932138
South Korea,Asia,Singapore,Asia,1992,92872
South Korea,Asia,Philippines,Asia,1992,53276
South Korea,Asia,Indonesia,Asia,1992,98102
South Korea,Asia,Australia,Oceania,1992,288660
South Korea,Asia,Cyprus,Europe,1992,0
South Korea,Asia,China,Asia,1992,0
South Korea,Asia,Ivory Coast,Africa,1992,0
South Korea,Asia,Iran,Asia,1992,0
Japan,Asia,United States,North America,1992,82768748
Japan,Asia,Canada,North America,1992,7537578
Japan,Asia,Mexico,North America,1992,0
Japan,Asia,Brazil,South America,1992,0
Japan,Asia,Argentina,South America,1992,0
Japan,Asia,United Kingdom,Europe,1992,6115042
Japan,Asia,Netherlands,Europe,1992,124482
Japan,Asia,Belgium,Europe,1992,9116750
Japan,Asia,France,Europe,1992,5347202
Japan,Asia,Switzerland,Europe,1992,224328
Japan,Asia,Spain,Europe,1992,1904018
Japan,Asia,Portugal,Europe,1992,411048
Japan,Asia,Germany,Europe,1992,1582320
Japan,Asia,Poland,Europe,1992,0
Japan,Asia,Austria,Europe,1992,447166
Japan,Asia,Hungary,Europe,1992,0
Japan,Asia,Czech Republic,Europe,1992,0
Japan,Asia,Slovakia,Europe,1992,0
Japan,Asia,Italy,Europe,1992,1401844
Japan,Asia,Croatia,Europe,1992,0
Japan,Asia,Serbia,Europe,1992,0
Japan,Asia,Bosnia,Europe,1992,0
Japan,Asia,Greece,Europe,1992,7736
Japan,Asia,Bulgaria,Europe,1992,0
Japan,Asia,Romania,Europe,1992,0
Japan,Asia,Russia,Asia,1992,0
Japan,Asia,Ukraine,Europe,1992,0
Japan,Asia,Finland,Europe,1992,479094
Japan,Asia,Sweden,Europe,1992,1715904
Japan,Asia,Norway,Europe,1992,220380
Japan,Asia,Denmark,Europe,1992,679094
Japan,Asia,South Africa,Africa,1992,0
Japan,Asia,Turkey,Asia,1992,249084
Japan,Asia,Iraq,Asia,1992,0
Japan,Asia,Lebanon,Asia,1992,0
Japan,Asia,Israel,Asia,1992,0
Japan,Asia,Taiwan,Asia,1992,0
Japan,Asia,South Korea,Asia,1992,224422
Japan,Asia,Japan,Asia,1992,0
Japan,Asia,India,Asia,1992,0
Japan,Asia,Pakistan,Asia,1992,0
Japan,Asia,Thailand,Asia,1992,24756
Japan,Asia,Singapore,Asia,1992,145774
Japan,Asia,Philippines,Asia,1992,0
Japan,Asia,Indonesia,Asia,1992,0
Japan,Asia,Australia,Oceania,1992,3228828
Japan,Asia,Cyprus,Europe,1992,247528
Japan,Asia,China,Asia,1992,35784
Japan,Asia,Ivory Coast,Africa,1992,0
Japan,Asia,Iran,Asia,1992,0
India,Asia,United States,North America,1992,2418858
India,Asia,Canada,North America,1992,0
India,Asia,Mexico,North America,1992,0
India,Asia,Brazil,South America,1992,0
India,Asia,Argentina,South America,1992,0
India,Asia,United Kingdom,Europe,1992,8462
India,Asia,Netherlands,Europe,1992,4450
India,Asia,Belgium,Europe,1992,0
India,Asia,France,Europe,1992,0
India,Asia,Switzerland,Europe,1992,2470
India,Asia,Spain,Europe,1992,0
India,Asia,Portugal,Europe,1992,0
India,Asia,Germany,Europe,1992,123060
India,Asia,Poland,Europe,1992,0
India,Asia,Austria,Europe,1992,0
India,Asia,Hungary,Europe,1992,0
India,Asia,Czech Republic,Europe,1992,0
India,Asia,Slovakia,Europe,1992,0
India,Asia,Italy,Europe,1992,0
India,Asia,Croatia,Europe,1992,0
India,Asia,Serbia,Europe,1992,0
India,Asia,Bosnia,Europe,1992,0
India,Asia,Greece,Europe,1992,0
India,Asia,Bulgaria,Europe,1992,0
India,Asia,Romania,Europe,1992,0
India,Asia,Russia,Asia,1992,0
India,Asia,Ukraine,Europe,1992,0
India,Asia,Finland,Europe,1992,0
India,Asia,Sweden,Europe,1992,0
India,Asia,Norway,Europe,1992,0
India,Asia,Denmark,Europe,1992,0
India,Asia,South Africa,Africa,1992,0
India,Asia,Turkey,Asia,1992,0
India,Asia,Iraq,Asia,1992,0
India,Asia,Lebanon,Asia,1992,0
India,Asia,Israel,Asia,1992,0
India,Asia,Taiwan,Asia,1992,0
India,Asia,South Korea,Asia,1992,0
India,Asia,Japan,Asia,1992,0
India,Asia,India,Asia,1992,0
India,Asia,Pakistan,Asia,1992,0
India,Asia,Thailand,Asia,1992,0
India,Asia,Singapore,Asia,1992,0
India,Asia,Philippines,Asia,1992,0
India,Asia,Indonesia,Asia,1992,0
India,Asia,Australia,Oceania,1992,90932
India,Asia,Cyprus,Europe,1992,0
India,Asia,China,Asia,1992,0
India,Asia,Ivory Coast,Africa,1992,0
India,Asia,Iran,Asia,1992,0
Pakistan,Asia,United States,North America,1992,0
Pakistan,Asia,Canada,North America,1992,0
Pakistan,Asia,Mexico,North America,1992,0
Pakistan,Asia,Brazil,South America,1992,0
Pakistan,Asia,Argentina,South America,1992,0
Pakistan,Asia,United Kingdom,Europe,1992,0
Pakistan,Asia,Netherlands,Europe,1992,0
Pakistan,Asia,Belgium,Europe,1992,0
Pakistan,Asia,France,Europe,1992,0
Pakistan,Asia,Switzerland,Europe,1992,0
Pakistan,Asia,Spain,Europe,1992,0
Pakistan,Asia,Portugal,Europe,1992,0
Pakistan,Asia,Germany,Europe,1992,0
Pakistan,Asia,Poland,Europe,1992,0
Pakistan,Asia,Austria,Europe,1992,0
Pakistan,Asia,Hungary,Europe,1992,0
Pakistan,Asia,Czech Republic,Europe,1992,0
Pakistan,Asia,Slovakia,Europe,1992,0
Pakistan,Asia,Italy,Europe,1992,0
Pakistan,Asia,Croatia,Europe,1992,0
Pakistan,Asia,Serbia,Europe,1992,0
Pakistan,Asia,Bosnia,Europe,1992,0
Pakistan,Asia,Greece,Europe,1992,0
Pakistan,Asia,Bulgaria,Europe,1992,0
Pakistan,Asia,Romania,Europe,1992,0
Pakistan,Asia,Russia,Asia,1992,0
Pakistan,Asia,Ukraine,Europe,1992,0
Pakistan,Asia,Finland,Europe,1992,0
Pakistan,Asia,Sweden,Europe,1992,0
Pakistan,Asia,Norway,Europe,1992,0
Pakistan,Asia,Denmark,Europe,1992,0
Pakistan,Asia,South Africa,Africa,1992,0
Pakistan,Asia,Turkey,Asia,1992,0
Pakistan,Asia,Iraq,Asia,1992,0
Pakistan,Asia,Lebanon,Asia,1992,0
Pakistan,Asia,Israel,Asia,1992,0
Pakistan,Asia,Taiwan,Asia,1992,0
Pakistan,Asia,South Korea,Asia,1992,0
Pakistan,Asia,Japan,Asia,1992,0
Pakistan,Asia,India,Asia,1992,0
Pakistan,Asia,Pakistan,Asia,1992,0
Pakistan,Asia,Thailand,Asia,1992,79160
Pakistan,Asia,Singapore,Asia,1992,0
Pakistan,Asia,Philippines,Asia,1992,0
Pakistan,Asia,Indonesia,Asia,1992,0
Pakistan,Asia,Australia,Oceania,1992,0
Pakistan,Asia,Cyprus,Europe,1992,0
Pakistan,Asia,China,Asia,1992,0
Pakistan,Asia,Ivory Coast,Africa,1992,0
Pakistan,Asia,Iran,Asia,1992,0
Thailand,Asia,United States,North America,1992,0
Thailand,Asia,Canada,North America,1992,0
Thailand,Asia,Mexico,North America,1992,0
Thailand,Asia,Brazil,South America,1992,0
Thailand,Asia,Argentina,South America,1992,0
Thailand,Asia,United Kingdom,Europe,1992,0
Thailand,Asia,Netherlands,Europe,1992,0
Thailand,Asia,Belgium,Europe,1992,0
Thailand,Asia,France,Europe,1992,6886
Thailand,Asia,Switzerland,Europe,1992,0
Thailand,Asia,Spain,Europe,1992,0
Thailand,Asia,Portugal,Europe,1992,0
Thailand,Asia,Germany,Europe,1992,0
Thailand,Asia,Poland,Europe,1992,0
Thailand,Asia,Austria,Europe,1992,0
Thailand,Asia,Hungary,Europe,1992,0
Thailand,Asia,Czech Republic,Europe,1992,0
Thailand,Asia,Slovakia,Europe,1992,0
Thailand,Asia,Italy,Europe,1992,0
Thailand,Asia,Croatia,Europe,1992,0
Thailand,Asia,Serbia,Europe,1992,0
Thailand,Asia,Bosnia,Europe,1992,0
Thailand,Asia,Greece,Europe,1992,0
Thailand,Asia,Bulgaria,Europe,1992,0
Thailand,Asia,Romania,Europe,1992,0
Thailand,Asia,Russia,Asia,1992,0
Thailand,Asia,Ukraine,Europe,1992,0
Thailand,Asia,Finland,Europe,1992,0
Thailand,Asia,Sweden,Europe,1992,5090
Thailand,Asia,Norway,Europe,1992,0
Thailand,Asia,Denmark,Europe,1992,0
Thailand,Asia,South Africa,Africa,1992,0
Thailand,Asia,Turkey,Asia,1992,0
Thailand,Asia,Iraq,Asia,1992,0
Thailand,Asia,Lebanon,Asia,1992,0
Thailand,Asia,Israel,Asia,1992,0
Thailand,Asia,Taiwan,Asia,1992,0
Thailand,Asia,South Korea,Asia,1992,0
Thailand,Asia,Japan,Asia,1992,0
Thailand,Asia,India,Asia,1992,0
Thailand,Asia,Pakistan,Asia,1992,0
Thailand,Asia,Thailand,Asia,1992,0
Thailand,Asia,Singapore,Asia,1992,0
Thailand,Asia,Philippines,Asia,1992,0
Thailand,Asia,Indonesia,Asia,1992,0
Thailand,Asia,Australia,Oceania,1992,0
Thailand,Asia,Cyprus,Europe,1992,0
Thailand,Asia,China,Asia,1992,0
Thailand,Asia,Ivory Coast,Africa,1992,0
Thailand,Asia,Iran,Asia,1992,0
Singapore,Asia,United States,North America,1992,386130
Singapore,Asia,Canada,North America,1992,0
Singapore,Asia,Mexico,North America,1992,0
Singapore,Asia,Brazil,South America,1992,0
Singapore,Asia,Argentina,South America,1992,0
Singapore,Asia,United Kingdom,Europe,1992,0
Singapore,Asia,Netherlands,Europe,1992,0
Singapore,Asia,Belgium,Europe,1992,0
Singapore,Asia,France,Europe,1992,0
Singapore,Asia,Switzerland,Europe,1992,0
Singapore,Asia,Spain,Europe,1992,0
Singapore,Asia,Portugal,Europe,1992,0
Singapore,Asia,Germany,Europe,1992,0
Singapore,Asia,Poland,Europe,1992,0
Singapore,Asia,Austria,Europe,1992,0
Singapore,Asia,Hungary,Europe,1992,0
Singapore,Asia,Czech Republic,Europe,1992,0
Singapore,Asia,Slovakia,Europe,1992,0
Singapore,Asia,Italy,Europe,1992,17814
Singapore,Asia,Croatia,Europe,1992,0
Singapore,Asia,Serbia,Europe,1992,0
Singapore,Asia,Bosnia,Europe,1992,0
Singapore,Asia,Greece,Europe,1992,0
Singapore,Asia,Bulgaria,Europe,1992,0
Singapore,Asia,Romania,Europe,1992,0
Singapore,Asia,Russia,Asia,1992,0
Singapore,Asia,Ukraine,Europe,1992,0
Singapore,Asia,Finland,Europe,1992,0
Singapore,Asia,Sweden,Europe,1992,0
Singapore,Asia,Norway,Europe,1992,0
Singapore,Asia,Denmark,Europe,1992,0
Singapore,Asia,South Africa,Africa,1992,0
Singapore,Asia,Turkey,Asia,1992,0
Singapore,Asia,Iraq,Asia,1992,0
Singapore,Asia,Lebanon,Asia,1992,0
Singapore,Asia,Israel,Asia,1992,0
Singapore,Asia,Taiwan,Asia,1992,216494
Singapore,Asia,South Korea,Asia,1992,0
Singapore,Asia,Japan,Asia,1992,52170
Singapore,Asia,India,Asia,1992,12632
Singapore,Asia,Pakistan,Asia,1992,0
Singapore,Asia,Thailand,Asia,1992,0
Singapore,Asia,Singapore,Asia,1992,0
Singapore,Asia,Philippines,Asia,1992,0
Singapore,Asia,Indonesia,Asia,1992,27184
Singapore,Asia,Australia,Oceania,1992,0
Singapore,Asia,Cyprus,Europe,1992,0
Singapore,Asia,China,Asia,1992,0
Singapore,Asia,Ivory Coast,Africa,1992,0
Singapore,Asia,Iran,Asia,1992,0
Philippines,Asia,United States,North America,1992,1974974
Philippines,Asia,Canada,North America,1992,729148
Philippines,Asia,Mexico,North America,1992,0
Philippines,Asia,Brazil,South America,1992,0
Philippines,Asia,Argentina,South America,1992,0
Philippines,Asia,United Kingdom,Europe,1992,0
Philippines,Asia,Netherlands,Europe,1992,0
Philippines,Asia,Belgium,Europe,1992,0
Philippines,Asia,France,Europe,1992,0
Philippines,Asia,Switzerland,Europe,1992,15508
Philippines,Asia,Spain,Europe,1992,105008
Philippines,Asia,Portugal,Europe,1992,0
Philippines,Asia,Germany,Europe,1992,562366
Philippines,Asia,Poland,Europe,1992,0
Philippines,Asia,Austria,Europe,1992,0
Philippines,Asia,Hungary,Europe,1992,0
Philippines,Asia,Czech Republic,Europe,1992,0
Philippines,Asia,Slovakia,Europe,1992,0
Philippines,Asia,Italy,Europe,1992,0
Philippines,Asia,Croatia,Europe,1992,0
Philippines,Asia,Serbia,Europe,1992,0
Philippines,Asia,Bosnia,Europe,1992,0
Philippines,Asia,Greece,Europe,1992,16986
Philippines,Asia,Bulgaria,Europe,1992,0
Philippines,Asia,Romania,Europe,1992,0
Philippines,Asia,Russia,Asia,1992,0
Philippines,Asia,Ukraine,Europe,1992,0
Philippines,Asia,Finland,Europe,1992,18504
Philippines,Asia,Sweden,Europe,1992,0
Philippines,Asia,Norway,Europe,1992,0
Philippines,Asia,Denmark,Europe,1992,0
Philippines,Asia,South Africa,Africa,1992,0
Philippines,Asia,Turkey,Asia,1992,0
Philippines,Asia,Iraq,Asia,1992,0
Philippines,Asia,Lebanon,Asia,1992,0
Philippines,Asia,Israel,Asia,1992,0
Philippines,Asia,Taiwan,Asia,1992,0
Philippines,Asia,South Korea,Asia,1992,0
Philippines,Asia,Japan,Asia,1992,0
Philippines,Asia,India,Asia,1992,0
Philippines,Asia,Pakistan,Asia,1992,0
Philippines,Asia,Thailand,Asia,1992,0
Philippines,Asia,Singapore,Asia,1992,0
Philippines,Asia,Philippines,Asia,1992,0
Philippines,Asia,Indonesia,Asia,1992,0
Philippines,Asia,Australia,Oceania,1992,521700
Philippines,Asia,Cyprus,Europe,1992,0
Philippines,Asia,China,Asia,1992,0
Philippines,Asia,Ivory Coast,Africa,1992,0
Philippines,Asia,Iran,Asia,1992,0
Indonesia,Asia,United States,North America,1992,0
Indonesia,Asia,Canada,North America,1992,0
Indonesia,Asia,Mexico,North America,1992,0
Indonesia,Asia,Brazil,South America,1992,0
Indonesia,Asia,Argentina,South America,1992,0
Indonesia,Asia,United Kingdom,Europe,1992,0
Indonesia,Asia,Netherlands,Europe,1992,0
Indonesia,Asia,Belgium,Europe,1992,21148
Indonesia,Asia,France,Europe,1992,0
Indonesia,Asia,Switzerland,Europe,1992,0
Indonesia,Asia,Spain,Europe,1992,5264
Indonesia,Asia,Portugal,Europe,1992,0
Indonesia,Asia,Germany,Europe,1992,0
Indonesia,Asia,Poland,Europe,1992,0
Indonesia,Asia,Austria,Europe,1992,0
Indonesia,Asia,Hungary,Europe,1992,0
Indonesia,Asia,Czech Republic,Europe,1992,0
Indonesia,Asia,Slovakia,Europe,1992,0
Indonesia,Asia,Italy,Europe,1992,0
Indonesia,Asia,Croatia,Europe,1992,0
Indonesia,Asia,Serbia,Europe,1992,0
Indonesia,Asia,Bosnia,Europe,1992,0
Indonesia,Asia,Greece,Europe,1992,0
Indonesia,Asia,Bulgaria,Europe,1992,0
Indonesia,Asia,Romania,Europe,1992,0
Indonesia,Asia,Russia,Asia,1992,0
Indonesia,Asia,Ukraine,Europe,1992,0
Indonesia,Asia,Finland,Europe,1992,0
Indonesia,Asia,Sweden,Europe,1992,0
Indonesia,Asia,Norway,Europe,1992,0
Indonesia,Asia,Denmark,Europe,1992,0
Indonesia,Asia,South Africa,Africa,1992,0
Indonesia,Asia,Turkey,Asia,1992,0
Indonesia,Asia,Iraq,Asia,1992,0
Indonesia,Asia,Lebanon,Asia,1992,0
Indonesia,Asia,Israel,Asia,1992,0
Indonesia,Asia,Taiwan,Asia,1992,0
Indonesia,Asia,South Korea,Asia,1992,0
Indonesia,Asia,Japan,Asia,1992,0
Indonesia,Asia,India,Asia,1992,0
Indonesia,Asia,Pakistan,Asia,1992,0
Indonesia,Asia,Thailand,Asia,1992,0
Indonesia,Asia,Singapore,Asia,1992,0
Indonesia,Asia,Philippines,Asia,1992,0
Indonesia,Asia,Indonesia,Asia,1992,0
Indonesia,Asia,Australia,Oceania,1992,0
Indonesia,Asia,Cyprus,Europe,1992,0
Indonesia,Asia,China,Asia,1992,0
Indonesia,Asia,Ivory Coast,Africa,1992,0
Indonesia,Asia,Iran,Asia,1992,0
Australia,Oceania,United States,North America,1992,319996
Australia,Oceania,Canada,North America,1992,69808
Australia,Oceania,Mexico,North America,1992,0
Australia,Oceania,Brazil,South America,1992,0
Australia,Oceania,Argentina,South America,1992,0
Australia,Oceania,United Kingdom,Europe,1992,1481402
Australia,Oceania,Netherlands,Europe,1992,0
Australia,Oceania,Belgium,Europe,1992,777910
Australia,Oceania,France,Europe,1992,7710654
Australia,Oceania,Switzerland,Europe,1992,2222
Australia,Oceania,Spain,Europe,1992,2050
Australia,Oceania,Portugal,Europe,1992,0
Australia,Oceania,Germany,Europe,1992,586044
Australia,Oceania,Poland,Europe,1992,0
Australia,Oceania,Austria,Europe,1992,1518
Australia,Oceania,Hungary,Europe,1992,0
Australia,Oceania,Czech Republic,Europe,1992,17470
Australia,Oceania,Slovakia,Europe,1992,0
Australia,Oceania,Italy,Europe,1992,68072
Australia,Oceania,Croatia,Europe,1992,0
Australia,Oceania,Serbia,Europe,1992,0
Australia,Oceania,Bosnia,Europe,1992,0
Australia,Oceania,Greece,Europe,1992,2598
Australia,Oceania,Bulgaria,Europe,1992,0
Australia,Oceania,Romania,Europe,1992,0
Australia,Oceania,Russia,Asia,1992,0
Australia,Oceania,Ukraine,Europe,1992,0
Australia,Oceania,Finland,Europe,1992,219362
Australia,Oceania,Sweden,Europe,1992,57058
Australia,Oceania,Norway,Europe,1992,0
Australia,Oceania,Denmark,Europe,1992,0
Australia,Oceania,South Africa,Africa,1992,0
Australia,Oceania,Turkey,Asia,1992,0
Australia,Oceania,Iraq,Asia,1992,0
Australia,Oceania,Lebanon,Asia,1992,0
Australia,Oceania,Israel,Asia,1992,0
Australia,Oceania,Taiwan,Asia,1992,20102
Australia,Oceania,South Korea,Asia,1992,0
Australia,Oceania,Japan,Asia,1992,1404416
Australia,Oceania,India,Asia,1992,3734
Australia,Oceania,Pakistan,Asia,1992,0
Australia,Oceania,Thailand,Asia,1992,241400
Australia,Oceania,Singapore,Asia,1992,7596
Australia,Oceania,Philippines,Asia,1992,0
Australia,Oceania,Indonesia,Asia,1992,0
Australia,Oceania,Australia,Oceania,1992,0
Australia,Oceania,Cyprus,Europe,1992,150786
Australia,Oceania,China,Asia,1992,0
Australia,Oceania,Ivory Coast,Africa,1992,0
Australia,Oceania,Iran,Asia,1992,0
Cyprus,Europe,United States,North America,1992,1119389
Cyprus,Europe,Canada,North America,1992,1475
Cyprus,Europe,Mexico,North America,1992,0
Cyprus,Europe,Brazil,South America,1992,0
Cyprus,Europe,Argentina,South America,1992,0
Cyprus,Europe,United Kingdom,Europe,1992,1524769
Cyprus,Europe,Netherlands,Europe,1992,0
Cyprus,Europe,Belgium,Europe,1992,0
Cyprus,Europe,France,Europe,1992,926264
Cyprus,Europe,Switzerland,Europe,1992,1146
Cyprus,Europe,Spain,Europe,1992,1323
Cyprus,Europe,Portugal,Europe,1992,0
Cyprus,Europe,Germany,Europe,1992,7874
Cyprus,Europe,Poland,Europe,1992,10171
Cyprus,Europe,Austria,Europe,1992,2949
Cyprus,Europe,Hungary,Europe,1992,23623
Cyprus,Europe,Czech Republic,Europe,1992,0
Cyprus,Europe,Slovakia,Europe,1992,0
Cyprus,Europe,Italy,Europe,1992,19987
Cyprus,Europe,Croatia,Europe,1992,0
Cyprus,Europe,Serbia,Europe,1992,0
Cyprus,Europe,Bosnia,Europe,1992,0
Cyprus,Europe,Greece,Europe,1992,51829
Cyprus,Europe,Bulgaria,Europe,1992,20342
Cyprus,Europe,Romania,Europe,1992,0
Cyprus,Europe,Russia,Asia,1992,6292
Cyprus,Europe,Ukraine,Europe,1992,0
Cyprus,Europe,Finland,Europe,1992,88419
Cyprus,Europe,Sweden,Europe,1992,0
Cyprus,Europe,Norway,Europe,1992,0
Cyprus,Europe,Denmark,Europe,1992,0
Cyprus,Europe,South Africa,Africa,1992,0
Cyprus,Europe,Turkey,Asia,1992,0
Cyprus,Europe,Iraq,Asia,1992,0
Cyprus,Europe,Lebanon,Asia,1992,1398598
Cyprus,Europe,Israel,Asia,1992,0
Cyprus,Europe,Taiwan,Asia,1992,0
Cyprus,Europe,South Korea,Asia,1992,51642
Cyprus,Europe,Japan,Asia,1992,0
Cyprus,Europe,India,Asia,1992,0
Cyprus,Europe,Pakistan,Asia,1992,0
Cyprus,Europe,Thailand,Asia,1992,0
Cyprus,Europe,Singapore,Asia,1992,0
Cyprus,Europe,Philippines,Asia,1992,0
Cyprus,Europe,Indonesia,Asia,1992,0
Cyprus,Europe,Australia,Oceania,1992,0
Cyprus,Europe,Cyprus,Europe,1992,0
Cyprus,Europe,China,Asia,1992,0
Cyprus,Europe,Ivory Coast,Africa,1992,0
Cyprus,Europe,Iran,Asia,1992,0
China,Asia,United States,North America,1992,92960478
China,Asia,Canada,North America,1992,1450530
China,Asia,Mexico,North America,1992,0
China,Asia,Brazil,South America,1992,0
China,Asia,Argentina,South America,1992,137630
China,Asia,United Kingdom,Europe,1992,368066
China,Asia,Netherlands,Europe,1992,0
China,Asia,Belgium,Europe,1992,0
China,Asia,France,Europe,1992,362434
China,Asia,Switzerland,Europe,1992,259874
China,Asia,Spain,Europe,1992,35748
China,Asia,Portugal,Europe,1992,0
China,Asia,Germany,Europe,1992,3755448
China,Asia,Poland,Europe,1992,0
China,Asia,Austria,Europe,1992,216618
China,Asia,Hungary,Europe,1992,0
China,Asia,Czech Republic,Europe,1992,0
China,Asia,Slovakia,Europe,1992,0
China,Asia,Italy,Europe,1992,0
China,Asia,Croatia,Europe,1992,0
China,Asia,Serbia,Europe,1992,82874
China,Asia,Bosnia,Europe,1992,0
China,Asia,Greece,Europe,1992,1748
China,Asia,Bulgaria,Europe,1992,0
China,Asia,Romania,Europe,1992,0
China,Asia,Russia,Asia,1992,0
China,Asia,Ukraine,Europe,1992,0
China,Asia,Finland,Europe,1992,236676
China,Asia,Sweden,Europe,1992,8648
China,Asia,Norway,Europe,1992,0
China,Asia,Denmark,Europe,1992,0
China,Asia,South Africa,Africa,1992,0
China,Asia,Turkey,Asia,1992,278558
China,Asia,Iraq,Asia,1992,0
China,Asia,Lebanon,Asia,1992,0
China,Asia,Israel,Asia,1992,0
China,Asia,Taiwan,Asia,1992,0
China,Asia,South Korea,Asia,1992,247888
China,Asia,Japan,Asia,1992,106562
China,Asia,India,Asia,1992,0
China,Asia,Pakistan,Asia,1992,88810
China,Asia,Thailand,Asia,1992,1744086
China,Asia,Singapore,Asia,1992,0
China,Asia,Philippines,Asia,1992,0
China,Asia,Indonesia,Asia,1992,146940
China,Asia,Australia,Oceania,1992,268952
China,Asia,Cyprus,Europe,1992,0
China,Asia,China,Asia,1992,0
China,Asia,Ivory Coast,Africa,1992,0
China,Asia,Iran,Asia,1992,0
Ivory Coast,Africa,United States,North America,1992,0
Ivory Coast,Africa,Canada,North America,1992,0
Ivory Coast,Africa,Mexico,North America,1992,0
Ivory Coast,Africa,Brazil,South America,1992,0
Ivory Coast,Africa,Argentina,South America,1992,0
Ivory Coast,Africa,United Kingdom,Europe,1992,0
Ivory Coast,Africa,Netherlands,Europe,1992,0
Ivory Coast,Africa,Belgium,Europe,1992,0
Ivory Coast,Africa,France,Europe,1992,0
Ivory Coast,Africa,Switzerland,Europe,1992,0
Ivory Coast,Africa,Spain,Europe,1992,0
Ivory Coast,Africa,Portugal,Europe,1992,0
Ivory Coast,Africa,Germany,Europe,1992,0
Ivory Coast,Africa,Poland,Europe,1992,0
Ivory Coast,Africa,Austria,Europe,1992,0
Ivory Coast,Africa,Hungary,Europe,1992,0
Ivory Coast,Africa,Czech Republic,Europe,1992,0
Ivory Coast,Africa,Slovakia,Europe,1992,0
Ivory Coast,Africa,Italy,Europe,1992,0
Ivory Coast,Africa,Croatia,Europe,1992,0
Ivory Coast,Africa,Serbia,Europe,1992,0
Ivory Coast,Africa,Bosnia,Europe,1992,0
Ivory Coast,Africa,Greece,Europe,1992,0
Ivory Coast,Africa,Bulgaria,Europe,1992,0
Ivory Coast,Africa,Romania,Europe,1992,0
Ivory Coast,Africa,Russia,Asia,1992,0
Ivory Coast,Africa,Ukraine,Europe,1992,0
Ivory Coast,Africa,Finland,Europe,1992,0
Ivory Coast,Africa,Sweden,Europe,1992,0
Ivory Coast,Africa,Norway,Europe,1992,0
Ivory Coast,Africa,Denmark,Europe,1992,0
Ivory Coast,Africa,South Africa,Africa,1992,0
Ivory Coast,Africa,Turkey,Asia,1992,0
Ivory Coast,Africa,Iraq,Asia,1992,0
Ivory Coast,Africa,Lebanon,Asia,1992,0
Ivory Coast,Africa,Israel,Asia,1992,0
Ivory Coast,Africa,Taiwan,Asia,1992,0
Ivory Coast,Africa,South Korea,Asia,1992,0
Ivory Coast,Africa,Japan,Asia,1992,0
Ivory Coast,Africa,India,Asia,1992,0
Ivory Coast,Africa,Pakistan,Asia,1992,0
Ivory Coast,Africa,Thailand,Asia,1992,0
Ivory Coast,Africa,Singapore,Asia,1992,0
Ivory Coast,Africa,Philippines,Asia,1992,0
Ivory Coast,Africa,Indonesia,Asia,1992,0
Ivory Coast,Africa,Australia,Oceania,1992,0
Ivory Coast,Africa,Cyprus,Europe,1992,0
Ivory Coast,Africa,China,Asia,1992,0
Ivory Coast,Africa,Ivory Coast,Africa,1992,0
Ivory Coast,Africa,Iran,Asia,1992,0
Iran,Asia,United States,North America,1992,0
Iran,Asia,Canada,North America,1992,0
Iran,Asia,Mexico,North America,1992,0
Iran,Asia,Brazil,South America,1992,0
Iran,Asia,Argentina,South America,1992,0
Iran,Asia,United Kingdom,Europe,1992,0
Iran,Asia,Netherlands,Europe,1992,0
Iran,Asia,Belgium,Europe,1992,0
Iran,Asia,France,Europe,1992,0
Iran,Asia,Switzerland,Europe,1992,0
Iran,Asia,Spain,Europe,1992,0
Iran,Asia,Portugal,Europe,1992,0
Iran,Asia,Germany,Europe,1992,0
Iran,Asia,Poland,Europe,1992,0
Iran,Asia,Austria,Europe,1992,0
Iran,Asia,Hungary,Europe,1992,0
Iran,Asia,Czech Republic,Europe,1992,0
Iran,Asia,Slovakia,Europe,1992,0
Iran,Asia,Italy,Europe,1992,0
Iran,Asia,Croatia,Europe,1992,0
Iran,Asia,Serbia,Europe,1992,0
Iran,Asia,Bosnia,Europe,1992,0
Iran,Asia,Greece,Europe,1992,0
Iran,Asia,Bulgaria,Europe,1992,0
Iran,Asia,Romania,Europe,1992,0
Iran,Asia,Russia,Asia,1992,0
Iran,Asia,Ukraine,Europe,1992,0
Iran,Asia,Finland,Europe,1992,0
Iran,Asia,Sweden,Europe,1992,5090
Iran,Asia,Norway,Europe,1992,0
Iran,Asia,Denmark,Europe,1992,0
Iran,Asia,South Africa,Africa,1992,0
Iran,Asia,Turkey,Asia,1992,0
Iran,Asia,Iraq,Asia,1992,0
Iran,Asia,Lebanon,Asia,1992,0
Iran,Asia,Israel,Asia,1992,0
Iran,Asia,Taiwan,Asia,1992,0
Iran,Asia,South Korea,Asia,1992,0
Iran,Asia,Japan,Asia,1992,0
Iran,Asia,India,Asia,1992,0
Iran,Asia,Pakistan,Asia,1992,0
Iran,Asia,Thailand,Asia,1992,0
Iran,Asia,Singapore,Asia,1992,0
Iran,Asia,Philippines,Asia,1992,0
Iran,Asia,Indonesia,Asia,1992,0
Iran,Asia,Australia,Oceania,1992,0
Iran,Asia,Cyprus,Europe,1992,0
Iran,Asia,China,Asia,1992,0
Iran,Asia,Ivory Coast,Africa,1992,0
Iran,Asia,Iran,Asia,1992,0
